Content_ID,Title,Genre,Release_Year,Duration
CID0001,Game best arrive go.,Horror,2002,84
CID0002,Wait group water.,Action,2017,94
CID0003,Subject happy.,Action,2012,137
CID0004,Night good certain.,Horror,1988,170
CID0005,Air finish ok.,Comedy,2018,90
CID0006,Provide hear.,Comedy,1992,109
CID0007,Her girl animal.,Sci-Fi,1984,166
CID0008,Drug particular.,Action,1960,152
CID0009,Beyond five last.,Sci-Fi,1984,162
CID0010,Interview.,Sci-Fi,2008,97
CID0011,Mission we.,Comedy,1959,44
CID0012,Short easy.,Action,1987,79
CID0013,Discussion result.,Horror,2024,99
CID0014,Blood address direction.,Horror,2023,177
CID0015,Step happen.,Horror,1951,147
CID0016,Certainly education.,Horror,1977,72
CID0017,Part.,Action,2003,116
CID0018,Necessary herself key.,Drama,1990,157
CID0019,Will decide about.,Sci-Fi,1997,59
CID0020,Budget car can.,Sci-Fi,2003,96
CID0021,Effort.,Action,1985,78
CID0022,Nice home him.,Horror,1953,33
CID0023,Establish as.,Horror,1970,104
CID0024,Believe strategy international past.,Action,1973,63
CID0025,Mention marriage up.,Comedy,1980,106
CID0026,Mission until brother.,Horror,1951,147
CID0027,Treatment health impact.,Sci-Fi,2016,91
CID0028,Bad area chair.,Comedy,1974,94
CID0029,Also capital medical.,Drama,2006,80
CID0030,Often hit.,Sci-Fi,2020,142
CID0031,Its indicate.,Action,1989,45
CID0032,Without visit movement.,Horror,1972,56
CID0033,Culture finish.,Drama,1954,133
CID0034,Spring pretty involve.,Drama,2004,151
CID0035,Challenge strong question but.,Action,1978,154
CID0036,Avoid Republican.,Drama,1965,172
CID0037,Raise art themselves.,Comedy,2012,30
CID0038,Interesting natural mean.,Action,1991,172
CID0039,Hospital six.,Horror,2015,117
CID0040,Campaign relate speech.,Horror,2023,125
CID0041,Institution level.,Horror,2014,141
CID0042,Goal whether part.,Horror,1956,49
CID0043,Drug teacher.,Sci-Fi,2015,44
CID0044,Or color.,Sci-Fi,1957,143
CID0045,Thousand community character.,Drama,2022,165
CID0046,Rate mention.,Drama,1977,127
CID0047,Current safe get.,Comedy,1950,129
CID0048,Remember rule.,Drama,2018,125
CID0049,Benefit hand.,Drama,2005,39
CID0050,Floor newspaper marriage.,Drama,1962,156
CID0051,Wish you half.,Drama,2005,58
CID0052,Other news best.,Horror,1995,121
CID0053,Opportunity maintain administration.,Action,2005,102
CID0054,Soon church.,Horror,2021,164
CID0055,At none can.,Drama,1972,136
CID0056,Student affect direction.,Comedy,1997,178
CID0057,Believe guy.,Horror,1959,59
CID0058,Place begin.,Drama,1961,155
CID0059,Maybe score customer short.,Sci-Fi,1993,105
CID0060,Huge young until.,Horror,1989,140
CID0061,Quite available often.,Horror,2015,174
CID0062,Attack station health.,Sci-Fi,1998,37
CID0063,Election ok.,Sci-Fi,1973,116
CID0064,While watch.,Sci-Fi,2011,92
CID0065,Deep notice.,Horror,1981,129
CID0066,Better character.,Sci-Fi,1969,121
CID0067,Specific century risk help.,Action,1959,60
CID0068,Serve we admit.,Sci-Fi,1998,90
CID0069,Themselves office item.,Sci-Fi,1993,156
CID0070,Guess kitchen plan.,Sci-Fi,1979,170
CID0071,Determine kitchen key.,Sci-Fi,1972,100
CID0072,Pass open group.,Action,2003,132
CID0073,Wife say.,Sci-Fi,1963,82
CID0074,Western then behind.,Action,1971,128
CID0075,Environment thus.,Action,1967,129
CID0076,Around appear.,Sci-Fi,2012,156
CID0077,Call nice.,Horror,1958,151
CID0078,Move year great.,Drama,1982,109
CID0079,Responsibility.,Comedy,1955,123
CID0080,Contain policy.,Horror,2020,134
CID0081,Behavior.,Sci-Fi,2004,36
CID0082,Lose.,Comedy,1982,112
CID0083,Catch fill author.,Horror,2022,115
CID0084,To health.,Action,1983,106
CID0085,Shake measure base.,Drama,2011,41
CID0086,Likely run contain.,Horror,1977,67
CID0087,Situation.,Drama,2001,102
CID0088,To people start.,Comedy,2013,141
CID0089,Somebody hospital your.,Sci-Fi,1952,129
CID0090,Create politics above.,Drama,1960,130
CID0091,Discussion improve.,Sci-Fi,2007,178
CID0092,Girl fish.,Sci-Fi,1972,73
CID0093,Lose before.,Drama,2014,77
CID0094,Both us throughout.,Drama,2006,78
CID0095,Everybody face child.,Horror,1971,132
CID0096,Data parent open.,Action,1993,30
CID0097,Identify science.,Sci-Fi,2004,136
CID0098,Themselves marriage Republican.,Sci-Fi,1984,142
CID0099,Produce protect turn.,Comedy,2024,152
CID0100,Against eat.,Horror,1990,82
CID0101,Arm light.,Horror,1979,64
CID0102,Police campaign local.,Drama,1978,150
CID0103,Stock.,Horror,1987,54
CID0104,Skill option.,Comedy,2021,56
CID0105,Throughout center.,Drama,1979,115
CID0106,True.,Drama,2000,62
CID0107,Store understand maybe.,Sci-Fi,1958,90
CID0108,Rate political.,Sci-Fi,1958,143
CID0109,Kind use.,Comedy,2019,39
CID0110,Relationship scene require.,Comedy,1959,82
CID0111,Mouth half camera.,Action,2009,136
CID0112,Medical least drug campaign.,Horror,1969,38
CID0113,Unit speech effort.,Comedy,1980,145
CID0114,Worker need.,Action,1981,125
CID0115,Those avoid.,Drama,1985,44
CID0116,Music career.,Sci-Fi,1986,51
CID0117,Policy enter professor.,Drama,2010,81
CID0118,Light at.,Comedy,1952,91
CID0119,Rate successful.,Horror,1954,51
CID0120,Research country.,Comedy,1997,168
CID0121,Tax protect service.,Drama,1959,96
CID0122,Themselves listen.,Drama,1970,100
CID0123,Wait let.,Comedy,1979,88
CID0124,Democrat it.,Action,1966,91
CID0125,Society.,Drama,2022,100
CID0126,Detail remain.,Action,2001,145
CID0127,Reflect forget whom though.,Action,2002,57
CID0128,Focus wish task.,Action,2017,176
CID0129,Environmental billion director theory.,Action,1987,92
CID0130,Significant year.,Drama,1991,97
CID0131,Available customer.,Action,2016,98
CID0132,Believe lay work.,Comedy,2016,37
CID0133,Blood seek as.,Comedy,2010,97
CID0134,Everything hard.,Sci-Fi,1969,76
CID0135,Must.,Horror,1966,140
CID0136,Fine build.,Comedy,1986,120
CID0137,Understand officer technology institution.,Sci-Fi,2012,111
CID0138,Concern nothing several.,Sci-Fi,2003,112
CID0139,Word prove.,Horror,1953,123
CID0140,Find it program.,Comedy,2011,144
CID0141,Seven brother.,Comedy,1983,96
CID0142,Wait doctor.,Drama,1957,113
CID0143,Station leader third.,Horror,1978,37
CID0144,Business measure friend.,Action,2023,145
CID0145,Pattern fine.,Drama,2018,73
CID0146,Energy explain suggest carry.,Comedy,1988,102
CID0147,Note perhaps anything.,Drama,1971,50
CID0148,Will paper.,Horror,1952,178
CID0149,Region eight suggest.,Horror,1954,155
CID0150,Security lay.,Comedy,2000,73
CID0151,Door kind.,Sci-Fi,2012,91
CID0152,Movement three box.,Drama,1991,77
CID0153,Become yard recognize.,Action,2022,169
CID0154,But partner executive few.,Sci-Fi,1998,155
CID0155,Order card build.,Action,1992,95
CID0156,Politics talk prevent.,Horror,1959,58
CID0157,Whether do.,Action,2018,145
CID0158,Set executive.,Sci-Fi,1961,62
CID0159,Difference particular dream.,Action,1954,176
CID0160,Country up despite.,Drama,2002,93
CID0161,Particularly machine person face.,Horror,2011,109
CID0162,Explain easy.,Drama,1971,93
CID0163,Quickly around lay.,Drama,2003,179
CID0164,Camera any rock.,Horror,1951,47
CID0165,Stage far company.,Action,1958,82
CID0166,Big station hundred.,Drama,1968,57
CID0167,Stage natural down.,Sci-Fi,1951,37
CID0168,Opportunity region.,Horror,1984,57
CID0169,Summer water memory.,Horror,1991,130
CID0170,Blue building save.,Sci-Fi,1993,134
CID0171,Expect follow read edge.,Comedy,1954,119
CID0172,Play face.,Horror,1986,154
CID0173,Decade positive.,Sci-Fi,1961,70
CID0174,Away why everything.,Action,2000,58
CID0175,Phone white business.,Horror,1958,97
CID0176,Left identify.,Comedy,1971,130
CID0177,Church prepare anything.,Drama,1989,68
CID0178,Major life case president.,Horror,2001,71
CID0179,Inside base.,Horror,2015,152
CID0180,Brother believe.,Action,2024,135
CID0181,Note who fund.,Comedy,1982,157
CID0182,Section although.,Drama,2023,31
CID0183,Letter table college amount.,Action,1978,97
CID0184,Paper past.,Action,1973,118
CID0185,Buy.,Horror,1958,161
CID0186,Itself drug all.,Drama,2017,96
CID0187,Film investment.,Drama,1979,65
CID0188,Shoulder door whom.,Action,1981,80
CID0189,Interest movie.,Action,1952,35
CID0190,Opportunity suggest.,Horror,1968,54
CID0191,Age real.,Action,2009,116
CID0192,Consider door.,Drama,1964,118
CID0193,Nature happy material.,Comedy,1973,120
CID0194,Medical newspaper approach create.,Sci-Fi,1967,95
CID0195,Evening direction.,Drama,1970,89
CID0196,Pay state.,Action,1974,164
CID0197,Dinner game.,Action,2000,136
CID0198,Claim citizen imagine.,Comedy,1956,161
CID0199,On fine.,Sci-Fi,1955,160
CID0200,Television difference very.,Action,1973,139
CID0201,Simply fast us remember.,Drama,1987,104
CID0202,Expert vote probably.,Action,1971,78
CID0203,Loss career garden recently.,Sci-Fi,2009,167
CID0204,Rock fish newspaper.,Comedy,1959,160
CID0205,Sometimes know.,Drama,1966,31
CID0206,Carry result and.,Horror,1980,85
CID0207,Data college.,Action,2011,143
CID0208,Under member someone.,Sci-Fi,2023,38
CID0209,Read bag create.,Action,1951,104
CID0210,Pull study environment little.,Drama,1968,56
CID0211,Star way.,Horror,1990,129
CID0212,Usually school.,Action,1950,160
CID0213,Million friend since happy.,Action,2003,53
CID0214,Anyone say.,Comedy,1993,70
CID0215,City data partner.,Action,2006,35
CID0216,Lawyer south.,Sci-Fi,1991,142
CID0217,Former increase.,Sci-Fi,1977,86
CID0218,Size break.,Drama,2012,148
CID0219,Energy.,Horror,2008,144
CID0220,Phone art more.,Horror,2024,37
CID0221,Leader open.,Horror,1966,141
CID0222,Sort the sea.,Drama,2001,120
CID0223,Bad same.,Horror,1994,82
CID0224,Remember argue plan.,Horror,2013,98
CID0225,Since white food into.,Sci-Fi,1969,175
CID0226,Fine early.,Action,1995,47
CID0227,Truth support change.,Sci-Fi,2018,39
CID0228,New.,Sci-Fi,1959,41
CID0229,Task difference reality.,Horror,1997,119
CID0230,Couple same example.,Drama,2000,49
CID0231,Office help.,Comedy,2011,162
CID0232,Us article.,Action,2017,139
CID0233,Way.,Horror,1987,92
CID0234,Tv.,Action,1958,178
CID0235,Lot next.,Comedy,1965,127
CID0236,Must training television program.,Sci-Fi,2009,95
CID0237,Morning them.,Horror,1967,68
CID0238,Leave explain investment.,Drama,2008,171
CID0239,A.,Action,1992,139
CID0240,Quickly region.,Comedy,1987,77
CID0241,Usually also.,Comedy,1976,59
CID0242,Suffer national kitchen.,Sci-Fi,1973,114
CID0243,College record protect.,Drama,1998,68
CID0244,Rich father.,Drama,1985,82
CID0245,Cause.,Horror,1984,172
CID0246,Source bring entire.,Action,1954,162
CID0247,Country.,Action,1994,54
CID0248,Call senior number.,Horror,1990,118
CID0249,Watch surface likely.,Sci-Fi,2021,36
CID0250,Clear week.,Horror,1992,163
CID0251,Performance catch amount.,Comedy,2003,141
CID0252,Focus from doctor.,Sci-Fi,1960,148
CID0253,Whatever head.,Comedy,1977,41
CID0254,Treat half defense.,Horror,1992,130
CID0255,Wife political general.,Horror,2005,144
CID0256,Night machine watch.,Horror,1981,124
CID0257,Cover strong card.,Comedy,2024,167
CID0258,Anything call.,Action,1955,66
CID0259,Thing site approach.,Horror,1988,140
CID0260,Factor until.,Action,1994,30
CID0261,Candidate serious focus.,Comedy,1965,67
CID0262,Dinner heart.,Drama,2006,57
CID0263,Month right available boy.,Horror,2009,81
CID0264,Drive believe explain.,Horror,1971,72
CID0265,Maybe center there.,Comedy,1964,110
CID0266,Do.,Action,1956,59
CID0267,Challenge history.,Action,1995,140
CID0268,Court stage effort.,Comedy,1987,64
CID0269,Sister plan sometimes.,Horror,1950,53
CID0270,And really item.,Drama,1968,44
CID0271,South officer.,Comedy,2011,172
CID0272,Artist mission ball.,Drama,1992,31
CID0273,Strategy decision.,Sci-Fi,2016,175
CID0274,Almost commercial.,Action,1963,34
CID0275,Kind meet.,Sci-Fi,2010,160
CID0276,Loss the music.,Horror,1989,117
CID0277,Check leader among.,Sci-Fi,1993,60
CID0278,Save experience degree.,Drama,1978,121
CID0279,Quickly away rate.,Drama,1983,110
CID0280,Public.,Sci-Fi,1955,34
CID0281,Science address.,Sci-Fi,1986,80
CID0282,Oil hope keep.,Horror,1994,34
CID0283,Easy out.,Drama,1962,91
CID0284,Occur low health.,Comedy,1994,60
CID0285,Once buy.,Action,2004,51
CID0286,Miss team against.,Action,1996,77
CID0287,Page.,Comedy,1982,139
CID0288,New here federal.,Sci-Fi,1962,47
CID0289,Little me fly.,Action,2005,63
CID0290,Each network.,Sci-Fi,1956,100
CID0291,Southern cold in people.,Comedy,1980,54
CID0292,Side.,Sci-Fi,1961,75
CID0293,Believe job then.,Comedy,1988,34
CID0294,Short cold.,Drama,1999,75
CID0295,Site behavior whether.,Action,1951,35
CID0296,Hair though add.,Action,2012,130
CID0297,Finish particularly.,Comedy,1996,80
CID0298,Baby huge.,Horror,1984,147
CID0299,Series prevent.,Action,1975,137
CID0300,Although third line.,Drama,1961,91
CID0301,Change water.,Horror,2011,59
CID0302,Value important east.,Drama,2017,119
CID0303,Worry personal.,Horror,1975,74
CID0304,Determine easy edge.,Sci-Fi,1997,110
CID0305,Official community.,Horror,1987,96
CID0306,Over leader.,Action,1992,172
CID0307,Direction simple.,Action,1987,105
CID0308,Despite agent in.,Horror,1996,148
CID0309,Mother include school necessary.,Drama,2012,166
CID0310,Exist simply school.,Drama,1986,152
CID0311,Production each.,Drama,1990,146
CID0312,Toward face.,Sci-Fi,2007,30
CID0313,Though life.,Drama,1967,127
CID0314,Wear avoid ask.,Sci-Fi,2018,63
CID0315,Material else.,Horror,1961,154
CID0316,Strategy add.,Comedy,1969,149
CID0317,Write condition size.,Sci-Fi,1992,133
CID0318,Happy side send.,Action,1966,99
CID0319,Help probably would.,Action,1978,123
CID0320,Toward hundred suffer.,Drama,1964,154
CID0321,Information.,Action,1954,76
CID0322,How office try.,Horror,2013,69
CID0323,Training lead.,Action,2022,46
CID0324,Figure seven.,Sci-Fi,1997,89
CID0325,Play official return.,Comedy,1995,130
CID0326,Business resource.,Drama,2012,92
CID0327,Offer since.,Action,1951,72
CID0328,Hand why TV sister.,Drama,1977,107
CID0329,First citizen.,Action,2013,60
CID0330,Special child.,Sci-Fi,1988,44
CID0331,Shake five else.,Comedy,1961,174
CID0332,Young name.,Comedy,1965,155
CID0333,Six recognize institution particularly.,Drama,1971,87
CID0334,Should reach low.,Comedy,1972,88
CID0335,Matter method able.,Comedy,1967,61
CID0336,Around word pay home.,Horror,1980,137
CID0337,Phone fear.,Sci-Fi,1968,36
CID0338,Film need.,Horror,1988,39
CID0339,Fly option.,Comedy,1970,82
CID0340,Our.,Action,1975,99
CID0341,Reason all.,Drama,1977,131
CID0342,From no institution.,Action,1997,33
CID0343,Student paper over.,Sci-Fi,1962,160
CID0344,Window force these.,Comedy,1993,170
CID0345,Center good continue.,Horror,2006,78
CID0346,Man speech paper.,Drama,1998,37
CID0347,Kid close bad.,Comedy,1981,96
CID0348,Simply first shoulder issue.,Comedy,1966,88
CID0349,Pretty machine than.,Comedy,1994,163
CID0350,Teach grow fact.,Sci-Fi,1990,32
CID0351,Loss provide from bed.,Horror,1981,125
CID0352,Myself strategy into school.,Comedy,1990,119
CID0353,Many eye.,Drama,2022,89
CID0354,One there night.,Drama,2024,83
CID0355,Agent fire wall.,Action,1973,153
CID0356,Week financial beautiful.,Drama,2010,33
CID0357,Daughter plan usually.,Horror,2018,108
CID0358,Catch here usually.,Comedy,1960,176
CID0359,Head ten especially.,Horror,2000,133
CID0360,Activity clear.,Action,2021,162
CID0361,Mission rock evening car.,Comedy,1961,33
CID0362,Resource put.,Drama,2011,112
CID0363,Instead minute upon.,Horror,2005,136
CID0364,Seven.,Action,1979,151
CID0365,Most practice.,Drama,1965,36
CID0366,Star collection different.,Action,2003,139
CID0367,Support never foot.,Horror,1958,84
CID0368,Establish collection music.,Horror,1981,70
CID0369,Everybody relationship.,Sci-Fi,1991,73
CID0370,Red up too really.,Horror,2015,143
CID0371,Argue along off miss.,Comedy,2020,99
CID0372,Anything personal citizen myself.,Comedy,2001,176
CID0373,Explain.,Horror,2008,83
CID0374,Executive large.,Horror,1961,89
CID0375,Perform left.,Horror,1966,171
CID0376,East good nearly.,Comedy,1993,90
CID0377,Possible artist society.,Action,2024,33
CID0378,Nor general audience.,Sci-Fi,1997,131
CID0379,Necessary throw have.,Comedy,1963,100
CID0380,Keep son.,Drama,1978,52
CID0381,Name race cost.,Action,2024,101
CID0382,Dog painting.,Sci-Fi,1986,124
CID0383,Practice religious book.,Comedy,1967,165
CID0384,Large part Republican.,Action,2006,103
CID0385,Our discussion.,Horror,1970,36
CID0386,Doctor responsibility tough.,Horror,1960,35
CID0387,Change week.,Action,1997,87
CID0388,Light.,Comedy,2017,138
CID0389,Use responsibility president.,Sci-Fi,1978,116
CID0390,He tree.,Sci-Fi,2014,134
CID0391,Specific usually.,Action,2004,79
CID0392,Attorney board much.,Action,2012,163
CID0393,Painting sound fill.,Drama,1961,138
CID0394,Station picture together.,Comedy,2005,61
CID0395,Need.,Sci-Fi,2004,156
CID0396,Back energy.,Comedy,1982,39
CID0397,House officer.,Comedy,2002,53
CID0398,Require suddenly baby.,Drama,1970,100
CID0399,Model southern.,Action,1970,36
CID0400,Course especially.,Comedy,1979,146
CID0401,Onto already.,Horror,1971,140
CID0402,Base knowledge whatever building.,Drama,2022,177
CID0403,Evening method subject.,Action,1960,36
CID0404,Debate south.,Action,1962,67
CID0405,Pm pressure.,Horror,1965,171
CID0406,Newspaper yeah real treat.,Action,1991,103
CID0407,Song address.,Action,1957,67
CID0408,Happy mother.,Sci-Fi,2003,123
CID0409,Democrat general.,Sci-Fi,1987,150
CID0410,Score deal three.,Action,2024,121
CID0411,Green catch town less.,Drama,1982,104
CID0412,Try.,Action,2008,89
CID0413,Space physical model.,Action,2017,150
CID0414,Such field.,Horror,2001,75
CID0415,Stage drive.,Action,1978,77
CID0416,Sense once sing.,Drama,2008,168
CID0417,Join institution opportunity.,Drama,1950,139
CID0418,Position might sister need.,Comedy,2000,160
CID0419,Group while should.,Sci-Fi,2004,118
CID0420,Level soldier.,Horror,1978,169
CID0421,Perform out.,Sci-Fi,2019,177
CID0422,Down face.,Horror,2021,173
CID0423,Professor street garden.,Sci-Fi,1987,75
CID0424,Benefit.,Action,2014,78
CID0425,Play may and.,Action,1971,154
CID0426,Between skin member.,Horror,1974,102
CID0427,Seem list result.,Sci-Fi,1987,163
CID0428,Music.,Comedy,2001,63
CID0429,Several truth.,Horror,1994,177
CID0430,Among quality sign.,Comedy,1952,79
CID0431,Charge west according.,Sci-Fi,1995,84
CID0432,Account indeed.,Sci-Fi,2020,101
CID0433,Hour join and.,Drama,1957,166
CID0434,Expect same.,Sci-Fi,1971,51
CID0435,Program however source.,Comedy,2021,178
CID0436,Still onto big father.,Sci-Fi,2001,59
CID0437,Smile popular evening.,Action,1992,180
CID0438,Floor well.,Action,1967,94
CID0439,Drive much.,Action,1975,126
CID0440,Between level.,Sci-Fi,1978,175
CID0441,Stock eat.,Comedy,1975,170
CID0442,Her day husband.,Drama,1960,51
CID0443,Example open candidate.,Sci-Fi,2015,150
CID0444,Discover like anyone.,Drama,1970,52
CID0445,Television over.,Comedy,1970,84
CID0446,Parent purpose attorney.,Comedy,1977,66
CID0447,Pay religious build.,Sci-Fi,1990,111
CID0448,Conference.,Action,1985,126
CID0449,Fight need else.,Horror,2002,36
CID0450,Choice recognize.,Action,1988,144
CID0451,Personal including film deal.,Action,1977,91
CID0452,Message.,Sci-Fi,2001,135
CID0453,Doctor according difference.,Horror,1995,145
CID0454,Door one.,Horror,1951,39
CID0455,Policy cup avoid.,Sci-Fi,1961,69
CID0456,Piece item along.,Sci-Fi,1992,161
CID0457,Computer life set.,Action,1974,123
CID0458,Walk economic room.,Action,1997,163
CID0459,Soon over character.,Action,2005,149
CID0460,Effect when.,Sci-Fi,1990,81
CID0461,Appear over.,Sci-Fi,2012,169
CID0462,Perhaps throw method.,Horror,2018,95
CID0463,Pm Democrat.,Sci-Fi,2016,166
CID0464,Glass walk ever.,Sci-Fi,1972,168
CID0465,Dark attorney.,Sci-Fi,2013,138
CID0466,Describe successful world.,Horror,1965,78
CID0467,Service.,Comedy,2014,65
CID0468,On nearly them.,Horror,2016,115
CID0469,Listen share.,Comedy,2024,108
CID0470,Onto throw subject.,Horror,2008,145
CID0471,Bad four.,Action,1975,130
CID0472,Charge.,Action,2007,94
CID0473,Audience pretty.,Horror,1998,111
CID0474,Enjoy why live.,Sci-Fi,1988,149
CID0475,Instead shake.,Horror,1971,136
CID0476,Back.,Action,1979,72
CID0477,Reflect ready.,Horror,1959,83
CID0478,Measure range.,Sci-Fi,1966,108
CID0479,Similar.,Sci-Fi,1972,179
CID0480,Perform Mrs treat.,Action,1999,56
CID0481,Cell.,Action,1957,88
CID0482,Through.,Drama,1986,99
CID0483,Course protect.,Horror,1982,133
CID0484,Firm clear name.,Horror,1953,95
CID0485,Street voice.,Comedy,2020,132
CID0486,Say show research.,Action,1993,168
CID0487,Hundred too personal.,Sci-Fi,2002,44
CID0488,Deal station.,Sci-Fi,1982,130
CID0489,Already health.,Action,1971,151
CID0490,Medical commercial.,Horror,1982,170
CID0491,Computer water performance entire.,Sci-Fi,1965,176
CID0492,Message blue court.,Horror,1950,159
CID0493,Begin political vote.,Drama,1986,56
CID0494,Operation daughter.,Horror,2014,131
CID0495,Nature near.,Action,1953,119
CID0496,Long whatever.,Action,1994,74
CID0497,Door level environment.,Sci-Fi,1998,168
CID0498,Herself family believe.,Sci-Fi,1962,107
CID0499,Car enter sort.,Horror,1959,97
CID0500,Clearly provide.,Sci-Fi,1979,79
