User_ID,Transaction_Date,Transaction_Status,Amount,Payment_Method
U0001,2023-11-19,Pending,14.99,Apple Pay
U0002,2023-08-20,Pending,14.99,Cryptocurrency
U0003,2023-07-25,Pending,5.99,PayPal
U0004,2022-05-04,Failed,9.99,Google Pay
U0005,2023-06-20,Failed,14.99,Credit Card
U0006,2022-10-18,Pending,9.99,Credit Card
U0007,2025-01-27,Pending,5.99,Credit Card
U0008,2024-07-31,Paid,14.99,Credit Card
U0009,2023-09-10,Paid,5.99,Google Pay
U0010,2022-08-12,Failed,14.99,PayPal
U0011,2023-02-02,Paid,5.99,Google Pay
U0012,2023-01-10,Failed,9.99,Cryptocurrency
U0013,2022-08-31,Paid,9.99,Cryptocurrency
U0014,2023-02-06,Paid,9.99,Credit Card
U0015,2024-12-21,Failed,9.99,Apple Pay
U0016,2023-05-07,Pending,14.99,Bank Transfer
U0017,2024-09-30,Pending,14.99,Apple Pay
U0018,2023-09-26,Paid,9.99,Google Pay
U0019,2024-01-04,Paid,5.99,Bank Transfer
U0020,2023-10-18,Pending,5.99,Google Pay
U0021,2022-11-15,Pending,14.99,Cryptocurrency
U0022,2023-12-09,Pending,14.99,Apple Pay
U0023,2023-06-23,Pending,9.99,Apple Pay
U0024,2022-03-21,Paid,9.99,Credit Card
U0025,2024-04-06,Failed,14.99,Apple Pay
U0026,2024-03-13,Paid,5.99,Credit Card
U0027,2024-02-08,Failed,5.99,PayPal
U0028,2023-10-21,Failed,9.99,Google Pay
U0029,2024-12-11,Pending,14.99,Google Pay
U0030,2024-03-31,Pending,9.99,Credit Card
U0031,2022-05-16,Pending,14.99,Apple Pay
U0032,2022-06-27,Pending,14.99,PayPal
U0033,2023-07-27,Failed,14.99,Cryptocurrency
U0034,2023-04-15,Paid,14.99,Credit Card
U0035,2024-04-16,Failed,9.99,Google Pay
U0036,2023-07-29,Failed,14.99,PayPal
U0037,2024-12-09,Failed,5.99,PayPal
U0038,2022-11-15,Pending,9.99,Apple Pay
U0039,2022-04-17,Failed,9.99,Bank Transfer
U0040,2022-12-28,Paid,14.99,Apple Pay
U0041,2022-12-29,Failed,14.99,Apple Pay
U0042,2024-10-19,Paid,14.99,Apple Pay
U0043,2023-06-06,Paid,5.99,Bank Transfer
U0044,2023-04-16,Failed,9.99,Apple Pay
U0045,2023-01-21,Pending,5.99,Credit Card
U0046,2024-07-05,Failed,9.99,PayPal
U0047,2023-08-31,Paid,14.99,Google Pay
U0048,2024-09-11,Failed,5.99,Bank Transfer
U0049,2024-05-05,Failed,9.99,PayPal
U0050,2024-04-24,Paid,5.99,Cryptocurrency
U0051,2023-01-02,Pending,9.99,PayPal
U0052,2024-07-14,Failed,9.99,Bank Transfer
U0053,2022-09-16,Paid,9.99,Google Pay
U0054,2023-01-01,Pending,9.99,Cryptocurrency
U0055,2024-08-12,Paid,5.99,Credit Card
U0056,2023-08-06,Paid,9.99,PayPal
U0057,2025-03-12,Failed,5.99,Google Pay
U0058,2022-04-07,Pending,14.99,PayPal
U0059,2023-08-13,Pending,14.99,Apple Pay
U0060,2023-03-21,Failed,14.99,Bank Transfer
U0061,2023-01-24,Pending,9.99,PayPal
U0062,2024-07-30,Pending,9.99,PayPal
U0063,2023-12-11,Paid,14.99,Apple Pay
U0064,2023-04-11,Failed,9.99,Cryptocurrency
U0065,2024-03-02,Paid,5.99,Apple Pay
U0066,2024-02-06,Paid,9.99,Cryptocurrency
U0067,2024-09-09,Paid,9.99,Cryptocurrency
U0068,2024-06-03,Failed,9.99,Bank Transfer
U0069,2022-05-19,Pending,14.99,Credit Card
U0070,2025-02-02,Failed,5.99,Apple Pay
U0071,2025-02-15,Failed,9.99,Bank Transfer
U0072,2024-07-28,Pending,9.99,Apple Pay
U0073,2024-05-14,Pending,5.99,PayPal
U0074,2023-02-08,Pending,9.99,Credit Card
U0075,2024-12-17,Failed,5.99,PayPal
U0076,2023-01-17,Paid,5.99,Google Pay
U0077,2023-09-15,Pending,9.99,PayPal
U0078,2022-09-20,Pending,14.99,Cryptocurrency
U0079,2023-10-24,Failed,9.99,Bank Transfer
U0080,2024-09-30,Pending,14.99,Credit Card
U0081,2024-04-14,Paid,9.99,PayPal
U0082,2024-08-20,Pending,9.99,Credit Card
U0083,2023-07-15,Paid,14.99,PayPal
U0084,2024-02-12,Pending,14.99,PayPal
U0085,2022-04-17,Pending,14.99,Apple Pay
U0086,2022-08-19,Paid,9.99,Google Pay
U0087,2023-10-04,Failed,14.99,Google Pay
U0088,2024-12-09,Pending,9.99,Bank Transfer
U0089,2023-11-21,Failed,9.99,Bank Transfer
U0090,2024-03-01,Failed,14.99,Google Pay
U0091,2024-11-08,Paid,14.99,PayPal
U0092,2024-08-03,Failed,9.99,Credit Card
U0093,2022-11-27,Paid,14.99,Bank Transfer
U0094,2023-02-04,Pending,14.99,Cryptocurrency
U0095,2022-04-11,Failed,14.99,Cryptocurrency
U0096,2024-07-19,Pending,5.99,Credit Card
U0097,2022-06-15,Pending,9.99,Bank Transfer
U0098,2024-12-06,Paid,14.99,Google Pay
U0099,2023-08-06,Failed,14.99,PayPal
U0100,2023-02-26,Paid,9.99,PayPal
U0101,2023-03-01,Paid,9.99,PayPal
U0102,2022-06-12,Paid,9.99,Google Pay
U0103,2022-11-19,Failed,9.99,PayPal
U0104,2023-05-15,Failed,5.99,Cryptocurrency
U0105,2024-06-16,Paid,5.99,Credit Card
U0106,2025-02-09,Paid,5.99,Bank Transfer
U0107,2024-03-20,Paid,5.99,PayPal
U0108,2022-11-17,Pending,5.99,Credit Card
U0109,2023-11-17,Paid,5.99,Google Pay
U0110,2022-09-06,Failed,5.99,Credit Card
U0111,2024-04-07,Pending,5.99,PayPal
U0112,2024-03-13,Failed,14.99,Apple Pay
U0113,2022-07-30,Pending,9.99,PayPal
U0114,2023-01-15,Failed,9.99,Credit Card
U0115,2022-07-03,Pending,5.99,Bank Transfer
U0116,2023-06-19,Paid,5.99,Cryptocurrency
U0117,2024-07-31,Paid,14.99,PayPal
U0118,2022-07-31,Failed,14.99,Bank Transfer
U0119,2023-03-25,Paid,5.99,Apple Pay
U0120,2024-04-14,Pending,5.99,Bank Transfer
U0121,2024-11-16,Paid,9.99,Google Pay
U0122,2025-02-25,Failed,9.99,Google Pay
U0123,2024-04-29,Failed,9.99,Bank Transfer
U0124,2022-05-21,Failed,14.99,Apple Pay
U0125,2022-03-24,Paid,14.99,Google Pay
U0126,2024-03-19,Failed,9.99,Cryptocurrency
U0127,2025-01-22,Paid,14.99,PayPal
U0128,2022-07-22,Failed,9.99,PayPal
U0129,2024-05-05,Failed,5.99,Cryptocurrency
U0130,2022-09-22,Paid,5.99,Bank Transfer
U0131,2024-07-06,Pending,5.99,Cryptocurrency
U0132,2022-03-30,Pending,14.99,Credit Card
U0133,2024-07-03,Pending,14.99,PayPal
U0134,2023-03-26,Pending,5.99,PayPal
U0135,2022-12-14,Failed,5.99,Apple Pay
U0136,2023-11-26,Failed,14.99,PayPal
U0137,2023-09-27,Paid,5.99,Google Pay
U0138,2025-01-22,Failed,14.99,Google Pay
U0139,2024-06-24,Failed,9.99,Apple Pay
U0140,2023-04-28,Pending,9.99,Google Pay
U0141,2023-12-02,Paid,9.99,PayPal
U0142,2023-09-09,Paid,9.99,Bank Transfer
U0143,2022-06-10,Pending,5.99,Google Pay
U0144,2025-01-30,Failed,14.99,Google Pay
U0145,2025-03-08,Failed,5.99,Credit Card
U0146,2024-07-16,Failed,5.99,Cryptocurrency
U0147,2022-03-27,Failed,14.99,Cryptocurrency
U0148,2023-06-30,Paid,9.99,Apple Pay
U0149,2025-01-07,Pending,5.99,Cryptocurrency
U0150,2024-08-27,Paid,14.99,PayPal
U0151,2024-01-06,Failed,14.99,Bank Transfer
U0152,2022-04-08,Pending,5.99,PayPal
U0153,2023-09-30,Pending,14.99,Bank Transfer
U0154,2023-09-26,Pending,5.99,Bank Transfer
U0155,2022-06-22,Paid,14.99,Bank Transfer
U0156,2022-05-14,Paid,14.99,PayPal
U0157,2023-07-11,Pending,9.99,Bank Transfer
U0158,2025-01-30,Failed,9.99,Google Pay
U0159,2023-09-11,Pending,9.99,Bank Transfer
U0160,2023-12-27,Pending,9.99,Cryptocurrency
U0161,2023-08-14,Pending,14.99,Bank Transfer
U0162,2022-04-21,Paid,14.99,Bank Transfer
U0163,2024-09-25,Pending,9.99,PayPal
U0164,2023-05-09,Pending,14.99,Bank Transfer
U0165,2023-08-05,Pending,5.99,Google Pay
U0166,2024-11-19,Failed,5.99,Credit Card
U0167,2024-07-11,Paid,14.99,Apple Pay
U0168,2022-08-30,Failed,5.99,Credit Card
U0169,2022-12-15,Paid,14.99,Cryptocurrency
U0170,2025-03-02,Pending,5.99,Credit Card
U0171,2022-06-28,Failed,9.99,Credit Card
U0172,2023-01-29,Failed,9.99,Credit Card
U0173,2024-04-12,Failed,14.99,Google Pay
U0174,2022-03-14,Failed,14.99,Credit Card
U0175,2024-10-15,Failed,5.99,Bank Transfer
U0176,2022-06-29,Paid,9.99,Google Pay
U0177,2024-06-04,Failed,14.99,Apple Pay
U0178,2023-07-01,Failed,5.99,Bank Transfer
U0179,2022-08-22,Failed,5.99,Credit Card
U0180,2024-09-30,Pending,5.99,Cryptocurrency
U0181,2024-07-03,Pending,9.99,Apple Pay
U0182,2024-05-16,Failed,14.99,PayPal
U0183,2024-07-31,Pending,9.99,Credit Card
U0184,2022-04-28,Paid,14.99,Credit Card
U0185,2025-03-11,Pending,5.99,Cryptocurrency
U0186,2022-12-27,Paid,14.99,Apple Pay
U0187,2022-11-18,Paid,5.99,Credit Card
U0188,2023-03-07,Pending,5.99,Apple Pay
U0189,2025-02-08,Failed,9.99,Credit Card
U0190,2023-12-17,Failed,14.99,Bank Transfer
U0191,2025-03-06,Paid,14.99,Credit Card
U0192,2024-01-26,Pending,14.99,Credit Card
U0193,2024-11-03,Paid,9.99,Apple Pay
U0194,2022-08-19,Pending,9.99,PayPal
U0195,2024-08-16,Failed,14.99,Cryptocurrency
U0196,2024-11-06,Paid,14.99,Bank Transfer
U0197,2022-10-31,Failed,14.99,Cryptocurrency
U0198,2022-12-16,Paid,5.99,Bank Transfer
U0199,2023-08-15,Paid,14.99,PayPal
U0200,2023-08-03,Failed,9.99,PayPal
U0201,2023-11-21,Failed,9.99,PayPal
U0202,2024-04-01,Paid,5.99,PayPal
U0203,2022-04-03,Failed,5.99,Bank Transfer
U0204,2023-08-26,Pending,9.99,Apple Pay
U0205,2024-07-10,Pending,5.99,Credit Card
U0206,2024-05-27,Paid,5.99,Bank Transfer
U0207,2022-04-19,Failed,14.99,Apple Pay
U0208,2022-07-20,Paid,14.99,Credit Card
U0209,2022-03-31,Failed,14.99,Apple Pay
U0210,2022-11-15,Paid,5.99,Bank Transfer
U0211,2024-06-27,Pending,9.99,Google Pay
U0212,2023-10-05,Failed,9.99,Credit Card
U0213,2022-11-14,Paid,5.99,PayPal
U0214,2024-10-28,Paid,14.99,Credit Card
U0215,2024-01-18,Pending,9.99,Google Pay
U0216,2022-11-03,Failed,5.99,PayPal
U0217,2024-07-28,Failed,5.99,Bank Transfer
U0218,2022-12-14,Failed,5.99,Credit Card
U0219,2022-11-17,Failed,9.99,Credit Card
U0220,2024-04-12,Pending,5.99,Cryptocurrency
U0221,2024-01-10,Failed,9.99,Google Pay
U0222,2023-10-13,Pending,9.99,Credit Card
U0223,2022-04-29,Failed,14.99,Apple Pay
U0224,2022-12-27,Pending,14.99,PayPal
U0225,2024-12-21,Pending,9.99,Apple Pay
U0226,2022-04-12,Failed,9.99,Credit Card
U0227,2022-10-02,Pending,9.99,Apple Pay
U0228,2024-02-17,Pending,9.99,Bank Transfer
U0229,2024-03-15,Failed,9.99,Bank Transfer
U0230,2023-02-23,Paid,14.99,Google Pay
U0231,2024-01-17,Paid,14.99,Bank Transfer
U0232,2024-05-15,Failed,14.99,PayPal
U0233,2024-06-28,Failed,14.99,Google Pay
U0234,2022-08-07,Pending,5.99,Google Pay
U0235,2023-08-24,Paid,9.99,Credit Card
U0236,2022-12-31,Failed,14.99,Apple Pay
U0237,2022-06-29,Paid,9.99,Bank Transfer
U0238,2024-04-29,Paid,9.99,Google Pay
U0239,2023-10-25,Paid,9.99,Apple Pay
U0240,2023-11-20,Failed,5.99,PayPal
U0241,2023-12-05,Paid,5.99,Cryptocurrency
U0242,2024-11-01,Pending,9.99,Cryptocurrency
U0243,2023-07-01,Failed,14.99,Bank Transfer
U0244,2024-10-09,Paid,14.99,Credit Card
U0245,2024-04-20,Failed,14.99,Credit Card
U0246,2023-11-28,Paid,14.99,Cryptocurrency
U0247,2022-11-03,Paid,5.99,Cryptocurrency
U0248,2022-04-29,Paid,14.99,Apple Pay
U0249,2024-12-27,Failed,14.99,Cryptocurrency
U0250,2022-05-16,Failed,5.99,Apple Pay
U0251,2023-07-25,Failed,5.99,Google Pay
U0252,2023-07-06,Pending,9.99,Cryptocurrency
U0253,2022-09-08,Failed,9.99,Bank Transfer
U0254,2023-06-16,Paid,14.99,Cryptocurrency
U0255,2022-05-19,Pending,9.99,PayPal
U0256,2025-03-09,Failed,14.99,Credit Card
U0257,2024-05-10,Pending,9.99,Cryptocurrency
U0258,2024-05-01,Paid,14.99,Apple Pay
U0259,2022-06-22,Pending,9.99,Bank Transfer
U0260,2023-05-26,Failed,9.99,PayPal
U0261,2023-07-02,Pending,5.99,Cryptocurrency
U0262,2022-06-28,Failed,14.99,Cryptocurrency
U0263,2023-11-13,Pending,14.99,PayPal
U0264,2023-01-14,Failed,5.99,Cryptocurrency
U0265,2022-05-07,Failed,14.99,Apple Pay
U0266,2024-02-01,Paid,9.99,Apple Pay
U0267,2022-04-06,Failed,14.99,Cryptocurrency
U0268,2023-05-19,Failed,9.99,Google Pay
U0269,2024-01-06,Failed,9.99,Bank Transfer
U0270,2024-07-21,Failed,9.99,Credit Card
U0271,2022-12-08,Paid,5.99,Bank Transfer
U0272,2024-02-05,Paid,9.99,Cryptocurrency
U0273,2024-07-05,Pending,14.99,Credit Card
U0274,2024-06-15,Failed,5.99,Credit Card
U0275,2022-06-11,Paid,14.99,Bank Transfer
U0276,2023-04-25,Pending,5.99,Google Pay
U0277,2023-09-16,Pending,5.99,Apple Pay
U0278,2023-03-18,Failed,9.99,Credit Card
U0279,2024-02-29,Paid,14.99,Apple Pay
U0280,2022-12-18,Failed,9.99,Bank Transfer
U0281,2023-07-17,Failed,9.99,Bank Transfer
U0282,2025-01-03,Paid,5.99,Bank Transfer
U0283,2023-09-01,Pending,5.99,PayPal
U0284,2022-07-04,Pending,9.99,Cryptocurrency
U0285,2022-04-10,Failed,5.99,Apple Pay
U0286,2024-03-14,Paid,5.99,Bank Transfer
U0287,2024-10-06,Pending,5.99,Bank Transfer
U0288,2024-07-26,Pending,9.99,PayPal
U0289,2023-03-17,Failed,9.99,Credit Card
U0290,2024-01-18,Failed,9.99,Cryptocurrency
U0291,2023-10-22,Failed,9.99,PayPal
U0292,2024-05-21,Failed,5.99,Apple Pay
U0293,2023-03-18,Failed,5.99,Cryptocurrency
U0294,2023-11-15,Pending,9.99,Credit Card
U0295,2023-11-24,Failed,5.99,Cryptocurrency
U0296,2022-06-27,Paid,14.99,Apple Pay
U0297,2023-07-14,Failed,14.99,Bank Transfer
U0298,2024-09-10,Pending,5.99,Bank Transfer
U0299,2023-10-27,Failed,9.99,Credit Card
U0300,2023-05-22,Pending,5.99,Bank Transfer
U0301,2023-08-15,Paid,5.99,Apple Pay
U0302,2024-03-01,Pending,5.99,PayPal
U0303,2023-08-10,Paid,14.99,Google Pay
U0304,2022-08-11,Failed,5.99,Cryptocurrency
U0305,2024-12-05,Failed,5.99,PayPal
U0306,2024-10-30,Failed,5.99,Apple Pay
U0307,2022-11-12,Failed,9.99,Credit Card
U0308,2025-03-07,Pending,5.99,Apple Pay
U0309,2022-10-26,Paid,9.99,Bank Transfer
U0310,2025-01-08,Failed,9.99,Google Pay
U0311,2022-12-18,Pending,5.99,Credit Card
U0312,2024-05-31,Pending,9.99,PayPal
U0313,2023-05-11,Failed,14.99,Apple Pay
U0314,2024-04-10,Pending,5.99,Credit Card
U0315,2022-05-15,Paid,14.99,Cryptocurrency
U0316,2023-10-03,Paid,5.99,Bank Transfer
U0317,2024-05-12,Pending,14.99,PayPal
U0318,2023-11-03,Failed,9.99,Google Pay
U0319,2023-06-20,Failed,9.99,PayPal
U0320,2024-07-29,Paid,5.99,PayPal
U0321,2022-12-18,Pending,5.99,Bank Transfer
U0322,2024-07-20,Paid,5.99,Cryptocurrency
U0323,2024-11-22,Failed,14.99,Credit Card
U0324,2024-06-05,Pending,14.99,Credit Card
U0325,2022-11-19,Pending,14.99,Apple Pay
U0326,2022-09-05,Pending,5.99,Apple Pay
U0327,2024-03-16,Failed,9.99,Bank Transfer
U0328,2023-10-09,Paid,9.99,Bank Transfer
U0329,2022-04-21,Pending,5.99,PayPal
U0330,2022-10-26,Paid,14.99,Credit Card
U0331,2023-08-01,Paid,5.99,Apple Pay
U0332,2024-12-13,Pending,5.99,Apple Pay
U0333,2022-09-24,Failed,14.99,Apple Pay
U0334,2024-08-31,Paid,9.99,PayPal
U0335,2025-02-08,Paid,14.99,Credit Card
U0336,2023-12-20,Failed,5.99,Cryptocurrency
U0337,2023-09-13,Pending,5.99,Apple Pay
U0338,2022-09-05,Pending,14.99,Bank Transfer
U0339,2024-09-09,Pending,9.99,Credit Card
U0340,2023-03-01,Paid,9.99,Google Pay
U0341,2023-05-11,Failed,5.99,Cryptocurrency
U0342,2022-03-18,Pending,5.99,Credit Card
U0343,2024-03-05,Failed,9.99,Apple Pay
U0344,2024-07-15,Pending,14.99,Google Pay
U0345,2023-07-04,Failed,5.99,Bank Transfer
U0346,2023-05-18,Paid,9.99,Google Pay
U0347,2023-06-04,Paid,9.99,Bank Transfer
U0348,2022-06-22,Paid,14.99,PayPal
U0349,2022-10-07,Pending,14.99,Bank Transfer
U0350,2023-01-26,Paid,14.99,PayPal
U0351,2024-12-09,Paid,14.99,Bank Transfer
U0352,2022-10-17,Pending,9.99,Bank Transfer
U0353,2024-11-05,Failed,5.99,Credit Card
U0354,2023-09-02,Failed,14.99,Credit Card
U0355,2024-01-18,Paid,9.99,Apple Pay
U0356,2024-12-16,Paid,9.99,PayPal
U0357,2023-03-21,Failed,14.99,Credit Card
U0358,2022-04-08,Pending,5.99,Bank Transfer
U0359,2024-08-16,Failed,9.99,Cryptocurrency
U0360,2024-10-04,Paid,5.99,Cryptocurrency
U0361,2023-03-10,Pending,14.99,Cryptocurrency
U0362,2023-04-30,Paid,5.99,Google Pay
U0363,2023-07-13,Paid,5.99,Credit Card
U0364,2025-02-12,Pending,9.99,PayPal
U0365,2023-01-05,Pending,5.99,PayPal
U0366,2023-06-16,Paid,14.99,Credit Card
U0367,2023-04-17,Pending,14.99,PayPal
U0368,2024-10-25,Pending,14.99,Google Pay
U0369,2022-10-10,Paid,5.99,Apple Pay
U0370,2024-06-11,Paid,14.99,Google Pay
U0371,2022-08-09,Paid,5.99,Cryptocurrency
U0372,2022-04-12,Paid,14.99,Google Pay
U0373,2022-06-24,Paid,5.99,Google Pay
U0374,2023-06-27,Pending,5.99,Google Pay
U0375,2025-02-04,Paid,5.99,Apple Pay
U0376,2023-02-10,Failed,14.99,Apple Pay
U0377,2023-11-13,Paid,14.99,Credit Card
U0378,2023-08-27,Failed,5.99,Bank Transfer
U0379,2025-01-02,Paid,14.99,PayPal
U0380,2023-08-12,Failed,9.99,PayPal
U0381,2024-03-04,Paid,14.99,PayPal
U0382,2023-05-03,Failed,5.99,Google Pay
U0383,2022-07-24,Failed,5.99,Bank Transfer
U0384,2025-01-23,Pending,9.99,Bank Transfer
U0385,2024-06-04,Pending,14.99,Cryptocurrency
U0386,2024-01-03,Pending,9.99,PayPal
U0387,2022-06-13,Paid,14.99,Google Pay
U0388,2022-08-30,Paid,14.99,Credit Card
U0389,2024-05-14,Failed,9.99,Credit Card
U0390,2023-07-12,Failed,9.99,Apple Pay
U0391,2024-05-06,Failed,9.99,Credit Card
U0392,2023-05-25,Paid,14.99,Credit Card
U0393,2023-02-07,Pending,9.99,Cryptocurrency
U0394,2023-12-23,Failed,9.99,Cryptocurrency
U0395,2024-02-22,Failed,9.99,Apple Pay
U0396,2023-01-08,Failed,9.99,PayPal
U0397,2022-11-11,Failed,14.99,PayPal
U0398,2022-07-11,Failed,5.99,Credit Card
U0399,2024-07-11,Paid,14.99,Credit Card
U0400,2022-12-10,Pending,5.99,Bank Transfer
U0401,2022-09-09,Failed,9.99,Apple Pay
U0402,2023-05-11,Paid,5.99,Credit Card
U0403,2023-07-13,Failed,5.99,Google Pay
U0404,2023-01-18,Failed,14.99,Apple Pay
U0405,2024-11-09,Paid,9.99,Google Pay
U0406,2023-09-06,Failed,9.99,Google Pay
U0407,2024-06-21,Failed,9.99,Bank Transfer
U0408,2022-06-26,Failed,5.99,Bank Transfer
U0409,2022-09-12,Pending,14.99,Google Pay
U0410,2024-11-06,Paid,14.99,PayPal
U0411,2022-07-17,Paid,14.99,Bank Transfer
U0412,2024-04-27,Pending,5.99,Credit Card
U0413,2024-04-28,Paid,5.99,Apple Pay
U0414,2022-06-20,Pending,5.99,Bank Transfer
U0415,2023-11-01,Paid,14.99,PayPal
U0416,2023-11-26,Pending,9.99,Apple Pay
U0417,2022-11-20,Failed,5.99,Apple Pay
U0418,2024-04-22,Pending,5.99,Bank Transfer
U0419,2022-04-17,Pending,14.99,PayPal
U0420,2022-09-12,Failed,9.99,Bank Transfer
U0421,2024-10-29,Pending,14.99,Bank Transfer
U0422,2023-10-02,Pending,5.99,PayPal
U0423,2022-04-07,Pending,14.99,Credit Card
U0424,2024-05-28,Failed,9.99,Bank Transfer
U0425,2022-08-28,Failed,9.99,Credit Card
U0426,2024-10-27,Failed,9.99,Cryptocurrency
U0427,2023-06-30,Paid,14.99,Credit Card
U0428,2023-07-02,Paid,5.99,Credit Card
U0429,2022-11-29,Failed,9.99,PayPal
U0430,2022-06-10,Pending,5.99,Cryptocurrency
U0431,2024-04-21,Failed,5.99,Google Pay
U0432,2022-07-03,Failed,5.99,Cryptocurrency
U0433,2023-09-22,Paid,14.99,Credit Card
U0434,2023-12-06,Paid,14.99,Google Pay
U0435,2023-09-12,Paid,5.99,Cryptocurrency
U0436,2022-06-27,Paid,14.99,PayPal
U0437,2022-09-01,Failed,9.99,Bank Transfer
U0438,2023-04-17,Paid,9.99,Cryptocurrency
U0439,2022-04-03,Pending,5.99,PayPal
U0440,2022-07-02,Pending,5.99,Apple Pay
U0441,2022-07-23,Paid,9.99,PayPal
U0442,2023-10-08,Failed,9.99,PayPal
U0443,2024-03-14,Paid,14.99,Google Pay
U0444,2022-03-21,Failed,9.99,Cryptocurrency
U0445,2022-12-11,Paid,14.99,Bank Transfer
U0446,2023-05-20,Paid,14.99,Google Pay
U0447,2024-05-28,Pending,14.99,Credit Card
U0448,2024-11-09,Pending,14.99,PayPal
U0449,2023-12-27,Pending,14.99,Credit Card
U0450,2024-04-13,Paid,5.99,Apple Pay
U0451,2022-10-31,Paid,14.99,Cryptocurrency
U0452,2025-01-05,Pending,5.99,Bank Transfer
U0453,2023-04-05,Paid,5.99,Bank Transfer
U0454,2022-09-22,Pending,14.99,Credit Card
U0455,2023-09-02,Paid,9.99,Apple Pay
U0456,2022-06-11,Pending,9.99,Bank Transfer
U0457,2024-02-22,Paid,5.99,Apple Pay
U0458,2024-01-27,Failed,14.99,Bank Transfer
U0459,2023-01-11,Failed,9.99,Apple Pay
U0460,2023-03-27,Paid,9.99,PayPal
U0461,2023-10-09,Failed,14.99,Apple Pay
U0462,2023-04-19,Pending,9.99,Bank Transfer
U0463,2025-03-06,Pending,14.99,Google Pay
U0464,2024-05-11,Pending,14.99,Apple Pay
U0465,2023-08-28,Paid,5.99,Bank Transfer
U0466,2023-12-05,Paid,14.99,Bank Transfer
U0467,2023-08-15,Pending,5.99,Google Pay
U0468,2022-05-06,Failed,5.99,Apple Pay
U0469,2022-08-24,Failed,9.99,Cryptocurrency
U0470,2023-11-20,Failed,5.99,Google Pay
U0471,2022-08-23,Failed,5.99,Cryptocurrency
U0472,2023-02-20,Pending,14.99,Apple Pay
U0473,2022-09-03,Pending,9.99,Credit Card
U0474,2022-03-14,Paid,5.99,Bank Transfer
U0475,2023-05-06,Failed,14.99,Apple Pay
U0476,2024-10-19,Failed,9.99,Credit Card
U0477,2023-09-22,Paid,14.99,Cryptocurrency
U0478,2023-06-16,Failed,5.99,Cryptocurrency
U0479,2022-10-20,Failed,9.99,Google Pay
U0480,2024-09-12,Paid,14.99,Cryptocurrency
U0481,2024-05-24,Pending,14.99,Google Pay
U0482,2022-09-26,Paid,9.99,Apple Pay
U0483,2023-07-13,Paid,5.99,Credit Card
U0484,2024-08-14,Paid,9.99,Bank Transfer
U0485,2024-12-21,Pending,14.99,Apple Pay
U0486,2024-09-04,Pending,9.99,Google Pay
U0487,2024-06-21,Paid,14.99,Bank Transfer
U0488,2024-04-28,Pending,9.99,Cryptocurrency
U0489,2023-10-18,Paid,9.99,Google Pay
U0490,2024-06-23,Pending,9.99,PayPal
U0491,2024-12-26,Pending,14.99,Google Pay
U0492,2025-02-09,Pending,9.99,Bank Transfer
U0493,2024-02-26,Pending,9.99,PayPal
U0494,2022-08-29,Pending,14.99,Cryptocurrency
U0495,2023-09-18,Pending,14.99,Google Pay
U0496,2023-06-26,Failed,5.99,Cryptocurrency
U0497,2023-03-30,Failed,14.99,Bank Transfer
U0498,2024-04-26,Failed,9.99,PayPal
U0499,2024-11-07,Paid,14.99,Apple Pay
U0500,2023-05-02,Paid,5.99,Bank Transfer
U0501,2023-12-19,Paid,5.99,Cryptocurrency
U0502,2023-12-25,Pending,5.99,Google Pay
U0503,2023-03-25,Paid,14.99,PayPal
U0504,2025-03-05,Pending,9.99,Cryptocurrency
U0505,2024-06-30,Pending,5.99,PayPal
U0506,2024-08-10,Pending,5.99,Cryptocurrency
U0507,2022-06-16,Paid,14.99,Google Pay
U0508,2023-07-18,Failed,5.99,Credit Card
U0509,2023-04-19,Pending,14.99,Bank Transfer
U0510,2024-03-08,Pending,14.99,Apple Pay
U0511,2022-09-01,Failed,9.99,Cryptocurrency
U0512,2024-04-21,Pending,14.99,Cryptocurrency
U0513,2024-12-07,Pending,14.99,Google Pay
U0514,2024-07-26,Paid,5.99,Bank Transfer
U0515,2022-12-27,Paid,5.99,Cryptocurrency
U0516,2023-11-11,Paid,14.99,Apple Pay
U0517,2024-06-04,Pending,5.99,Bank Transfer
U0518,2023-08-22,Failed,5.99,PayPal
U0519,2022-04-11,Pending,5.99,Bank Transfer
U0520,2022-03-17,Paid,5.99,PayPal
U0521,2022-11-15,Pending,14.99,Bank Transfer
U0522,2022-04-25,Pending,14.99,Cryptocurrency
U0523,2024-02-13,Failed,9.99,Google Pay
U0524,2024-11-21,Failed,9.99,PayPal
U0525,2023-09-19,Paid,5.99,PayPal
U0526,2022-12-04,Pending,14.99,Apple Pay
U0527,2023-05-23,Failed,5.99,Google Pay
U0528,2024-03-09,Failed,5.99,Apple Pay
U0529,2024-08-05,Failed,5.99,Credit Card
U0530,2024-07-30,Paid,9.99,Bank Transfer
U0531,2022-03-17,Failed,5.99,Apple Pay
U0532,2023-10-24,Failed,5.99,PayPal
U0533,2024-08-09,Failed,9.99,PayPal
U0534,2023-11-04,Pending,5.99,Bank Transfer
U0535,2022-08-28,Failed,5.99,Google Pay
U0536,2024-08-19,Paid,14.99,Apple Pay
U0537,2024-04-07,Pending,9.99,Google Pay
U0538,2022-07-10,Paid,5.99,PayPal
U0539,2023-11-10,Pending,9.99,Apple Pay
U0540,2023-09-10,Failed,14.99,PayPal
U0541,2022-06-03,Failed,5.99,Google Pay
U0542,2022-04-28,Pending,9.99,Cryptocurrency
U0543,2024-05-15,Failed,5.99,Bank Transfer
U0544,2023-09-27,Failed,14.99,Bank Transfer
U0545,2023-03-22,Pending,14.99,Google Pay
U0546,2024-06-30,Paid,5.99,Cryptocurrency
U0547,2024-11-02,Paid,9.99,Credit Card
U0548,2022-07-07,Failed,14.99,Cryptocurrency
U0549,2024-09-08,Failed,9.99,Cryptocurrency
U0550,2024-10-05,Pending,14.99,Bank Transfer
U0551,2025-02-07,Failed,14.99,Bank Transfer
U0552,2024-07-25,Pending,9.99,Google Pay
U0553,2023-09-16,Failed,5.99,PayPal
U0554,2022-08-09,Pending,5.99,Google Pay
U0555,2023-05-15,Paid,5.99,Apple Pay
U0556,2024-09-29,Paid,5.99,Cryptocurrency
U0557,2025-01-15,Pending,14.99,Cryptocurrency
U0558,2023-02-01,Pending,5.99,Google Pay
U0559,2023-07-31,Pending,14.99,PayPal
U0560,2024-10-13,Paid,14.99,PayPal
U0561,2023-01-02,Paid,9.99,Apple Pay
U0562,2022-04-07,Failed,9.99,Bank Transfer
U0563,2023-11-07,Pending,5.99,Cryptocurrency
U0564,2024-02-18,Paid,5.99,Google Pay
U0565,2023-12-14,Failed,14.99,Apple Pay
U0566,2024-06-07,Paid,5.99,Bank Transfer
U0567,2022-03-30,Paid,9.99,Google Pay
U0568,2024-11-13,Pending,5.99,Apple Pay
U0569,2022-08-07,Pending,14.99,PayPal
U0570,2024-04-28,Paid,5.99,Bank Transfer
U0571,2023-01-15,Paid,9.99,Google Pay
U0572,2023-05-19,Failed,5.99,PayPal
U0573,2022-10-12,Failed,5.99,Bank Transfer
U0574,2024-05-22,Failed,14.99,Credit Card
U0575,2024-07-29,Failed,5.99,Cryptocurrency
U0576,2024-10-25,Paid,14.99,Apple Pay
U0577,2023-05-21,Paid,14.99,Google Pay
U0578,2024-06-09,Failed,9.99,Google Pay
U0579,2025-03-11,Paid,5.99,PayPal
U0580,2025-01-22,Pending,14.99,Apple Pay
U0581,2024-06-17,Pending,14.99,PayPal
U0582,2022-10-10,Failed,14.99,PayPal
U0583,2024-02-10,Pending,14.99,Google Pay
U0584,2023-11-24,Failed,9.99,Google Pay
U0585,2024-12-15,Paid,9.99,Apple Pay
U0586,2023-03-24,Pending,14.99,Bank Transfer
U0587,2025-01-21,Paid,5.99,PayPal
U0588,2022-11-22,Failed,9.99,Google Pay
U0589,2024-08-15,Failed,5.99,Cryptocurrency
U0590,2022-10-09,Paid,14.99,Apple Pay
U0591,2022-11-28,Pending,14.99,Google Pay
U0592,2022-04-28,Pending,14.99,Google Pay
U0593,2024-09-13,Paid,5.99,Credit Card
U0594,2023-09-01,Failed,9.99,Cryptocurrency
U0595,2023-06-11,Pending,5.99,Credit Card
U0596,2024-08-09,Paid,14.99,Cryptocurrency
U0597,2022-11-10,Pending,9.99,Credit Card
U0598,2024-01-23,Paid,5.99,PayPal
U0599,2024-07-14,Failed,9.99,Credit Card
U0600,2023-11-28,Failed,9.99,Credit Card
U0601,2022-06-06,Paid,9.99,Apple Pay
U0602,2024-10-12,Failed,14.99,PayPal
U0603,2023-05-18,Pending,5.99,Cryptocurrency
U0604,2023-11-03,Paid,9.99,Google Pay
U0605,2024-02-15,Paid,14.99,Cryptocurrency
U0606,2022-08-07,Paid,9.99,Credit Card
U0607,2024-07-19,Pending,9.99,Google Pay
U0608,2024-06-10,Failed,9.99,Credit Card
U0609,2023-10-23,Paid,5.99,PayPal
U0610,2024-10-02,Failed,5.99,Google Pay
U0611,2023-01-09,Failed,9.99,Google Pay
U0612,2025-01-18,Paid,5.99,Apple Pay
U0613,2023-09-11,Pending,5.99,Google Pay
U0614,2024-09-11,Paid,9.99,Google Pay
U0615,2023-02-04,Failed,14.99,Cryptocurrency
U0616,2024-04-02,Pending,5.99,Credit Card
U0617,2022-05-30,Paid,9.99,Apple Pay
U0618,2023-10-28,Failed,14.99,Bank Transfer
U0619,2024-01-11,Failed,5.99,Apple Pay
U0620,2023-05-31,Failed,9.99,Cryptocurrency
U0621,2024-08-29,Pending,9.99,Cryptocurrency
U0622,2025-01-11,Paid,14.99,Bank Transfer
U0623,2022-10-30,Failed,14.99,Apple Pay
U0624,2024-09-02,Pending,9.99,Apple Pay
U0625,2023-02-22,Pending,9.99,Apple Pay
U0626,2024-01-10,Paid,5.99,Apple Pay
U0627,2024-07-06,Failed,14.99,Credit Card
U0628,2024-09-12,Paid,14.99,Google Pay
U0629,2024-01-29,Paid,5.99,Bank Transfer
U0630,2024-10-29,Failed,9.99,PayPal
U0631,2022-05-18,Paid,14.99,Google Pay
U0632,2024-07-18,Paid,9.99,Google Pay
U0633,2023-04-29,Failed,9.99,PayPal
U0634,2023-05-07,Failed,14.99,Cryptocurrency
U0635,2024-10-13,Paid,9.99,Cryptocurrency
U0636,2024-01-12,Failed,14.99,Credit Card
U0637,2023-02-14,Paid,9.99,Google Pay
U0638,2023-04-22,Failed,14.99,Apple Pay
U0639,2024-08-08,Failed,14.99,Bank Transfer
U0640,2024-06-16,Failed,14.99,PayPal
U0641,2023-09-04,Pending,14.99,Bank Transfer
U0642,2022-09-01,Pending,14.99,Bank Transfer
U0643,2023-05-12,Pending,14.99,Apple Pay
U0644,2024-09-15,Failed,9.99,Google Pay
U0645,2023-04-10,Failed,9.99,Google Pay
U0646,2023-12-10,Paid,5.99,PayPal
U0647,2024-01-13,Pending,9.99,Bank Transfer
U0648,2022-09-19,Paid,14.99,Apple Pay
U0649,2022-07-09,Failed,5.99,PayPal
U0650,2023-05-08,Pending,9.99,Apple Pay
U0651,2025-01-21,Pending,14.99,PayPal
U0652,2023-08-08,Paid,5.99,Bank Transfer
U0653,2024-10-04,Paid,14.99,Google Pay
U0654,2024-07-03,Failed,9.99,Bank Transfer
U0655,2022-04-22,Paid,14.99,PayPal
U0656,2023-05-08,Paid,14.99,Bank Transfer
U0657,2023-10-13,Failed,14.99,Credit Card
U0658,2022-08-03,Pending,5.99,Google Pay
U0659,2022-10-13,Paid,5.99,Credit Card
U0660,2022-03-27,Pending,9.99,Credit Card
U0661,2024-09-12,Paid,9.99,Cryptocurrency
U0662,2023-02-07,Paid,9.99,PayPal
U0663,2024-10-28,Failed,5.99,Bank Transfer
U0664,2023-11-13,Paid,14.99,Credit Card
U0665,2025-02-25,Paid,9.99,Google Pay
U0666,2024-11-05,Pending,5.99,PayPal
U0667,2023-12-23,Pending,5.99,Cryptocurrency
U0668,2025-02-17,Paid,9.99,Google Pay
U0669,2023-01-24,Pending,5.99,Bank Transfer
U0670,2023-07-14,Paid,14.99,Credit Card
U0671,2022-08-27,Failed,5.99,PayPal
U0672,2024-11-12,Paid,14.99,Credit Card
U0673,2024-12-27,Failed,14.99,PayPal
U0674,2023-10-17,Failed,14.99,Cryptocurrency
U0675,2023-03-10,Failed,14.99,Bank Transfer
U0676,2024-04-28,Pending,14.99,Cryptocurrency
U0677,2024-01-15,Paid,5.99,Cryptocurrency
U0678,2022-12-31,Pending,9.99,Google Pay
U0679,2024-09-26,Pending,14.99,Google Pay
U0680,2022-10-22,Paid,9.99,Credit Card
U0681,2023-02-20,Paid,5.99,PayPal
U0682,2023-10-14,Pending,5.99,Google Pay
U0683,2022-04-23,Pending,5.99,Bank Transfer
U0684,2024-09-10,Failed,9.99,Google Pay
U0685,2024-11-20,Paid,14.99,Apple Pay
U0686,2024-05-07,Paid,14.99,Apple Pay
U0687,2022-05-31,Pending,14.99,Bank Transfer
U0688,2024-02-22,Paid,9.99,Google Pay
U0689,2023-08-05,Paid,14.99,Apple Pay
U0690,2023-06-30,Pending,5.99,Google Pay
U0691,2023-02-06,Pending,5.99,Bank Transfer
U0692,2024-02-03,Pending,9.99,Credit Card
U0693,2022-09-26,Failed,14.99,Bank Transfer
U0694,2024-05-26,Paid,9.99,Apple Pay
U0695,2024-07-20,Pending,14.99,Bank Transfer
U0696,2023-01-08,Pending,5.99,Cryptocurrency
U0697,2024-06-25,Failed,5.99,PayPal
U0698,2023-09-27,Failed,9.99,Apple Pay
U0699,2022-09-19,Pending,9.99,Cryptocurrency
U0700,2024-04-22,Paid,14.99,Google Pay
U0701,2022-11-18,Paid,5.99,PayPal
U0702,2025-03-11,Pending,14.99,Cryptocurrency
U0703,2024-09-28,Pending,14.99,Cryptocurrency
U0704,2022-10-27,Failed,9.99,Credit Card
U0705,2023-06-27,Pending,5.99,Google Pay
U0706,2023-04-14,Paid,5.99,Cryptocurrency
U0707,2023-05-05,Pending,14.99,Bank Transfer
U0708,2023-10-23,Paid,9.99,Google Pay
U0709,2022-04-05,Pending,14.99,Bank Transfer
U0710,2023-04-23,Failed,5.99,Credit Card
U0711,2024-09-02,Failed,5.99,Cryptocurrency
U0712,2024-01-21,Pending,9.99,Credit Card
U0713,2022-06-10,Paid,9.99,Apple Pay
U0714,2022-11-10,Pending,14.99,Cryptocurrency
U0715,2023-06-22,Pending,5.99,Apple Pay
U0716,2023-08-05,Failed,9.99,Cryptocurrency
U0717,2022-05-14,Failed,14.99,Google Pay
U0718,2023-10-01,Paid,5.99,Cryptocurrency
U0719,2023-09-02,Failed,9.99,Bank Transfer
U0720,2024-09-25,Failed,9.99,PayPal
U0721,2022-12-21,Pending,14.99,Bank Transfer
U0722,2024-11-09,Pending,14.99,Credit Card
U0723,2023-07-27,Paid,5.99,Credit Card
U0724,2024-06-11,Paid,9.99,Credit Card
U0725,2023-11-01,Paid,9.99,Apple Pay
U0726,2022-10-09,Pending,5.99,PayPal
U0727,2024-12-04,Pending,5.99,PayPal
U0728,2023-10-15,Pending,5.99,Apple Pay
U0729,2024-12-13,Failed,5.99,Google Pay
U0730,2024-08-29,Paid,14.99,Google Pay
U0731,2024-05-13,Paid,14.99,Bank Transfer
U0732,2024-06-27,Failed,14.99,Credit Card
U0733,2024-02-20,Failed,14.99,Bank Transfer
U0734,2024-06-30,Failed,14.99,Cryptocurrency
U0735,2023-10-24,Pending,9.99,Bank Transfer
U0736,2022-09-14,Failed,9.99,PayPal
U0737,2024-07-30,Paid,14.99,Google Pay
U0738,2024-06-13,Failed,9.99,Google Pay
U0739,2022-05-27,Pending,9.99,Credit Card
U0740,2022-09-27,Pending,14.99,Cryptocurrency
U0741,2023-09-30,Failed,9.99,Cryptocurrency
U0742,2024-10-05,Paid,14.99,Google Pay
U0743,2024-01-02,Failed,9.99,Cryptocurrency
U0744,2024-03-28,Failed,9.99,Credit Card
U0745,2023-08-05,Paid,9.99,Apple Pay
U0746,2023-01-11,Pending,9.99,Cryptocurrency
U0747,2024-12-25,Failed,5.99,Credit Card
U0748,2024-04-28,Pending,5.99,PayPal
U0749,2022-10-19,Paid,5.99,Cryptocurrency
U0750,2022-12-14,Paid,5.99,Bank Transfer
U0751,2024-04-08,Pending,14.99,Bank Transfer
U0752,2023-12-24,Pending,14.99,Apple Pay
U0753,2024-12-12,Failed,14.99,Credit Card
U0754,2022-10-29,Paid,9.99,PayPal
U0755,2023-09-08,Pending,14.99,Cryptocurrency
U0756,2022-08-15,Paid,9.99,Apple Pay
U0757,2023-09-23,Paid,5.99,Google Pay
U0758,2024-05-16,Paid,5.99,Cryptocurrency
U0759,2024-11-23,Failed,14.99,Google Pay
U0760,2024-05-06,Pending,14.99,Bank Transfer
U0761,2024-05-05,Pending,5.99,Cryptocurrency
U0762,2022-06-12,Failed,9.99,Google Pay
U0763,2023-04-01,Pending,5.99,Google Pay
U0764,2024-07-27,Pending,14.99,Cryptocurrency
U0765,2024-07-02,Pending,14.99,Credit Card
U0766,2023-05-02,Pending,5.99,Google Pay
U0767,2023-09-30,Paid,9.99,Bank Transfer
U0768,2023-03-31,Pending,9.99,Cryptocurrency
U0769,2024-03-14,Failed,14.99,Cryptocurrency
U0770,2022-09-01,Pending,9.99,Bank Transfer
U0771,2023-03-29,Failed,14.99,Cryptocurrency
U0772,2022-10-02,Paid,5.99,Bank Transfer
U0773,2023-11-18,Paid,5.99,Google Pay
U0774,2024-07-03,Paid,5.99,Bank Transfer
U0775,2023-10-18,Paid,5.99,Bank Transfer
U0776,2023-09-13,Pending,5.99,Google Pay
U0777,2023-10-02,Failed,9.99,Cryptocurrency
U0778,2024-08-04,Pending,5.99,Cryptocurrency
U0779,2024-09-01,Failed,9.99,Apple Pay
U0780,2024-03-02,Paid,5.99,Bank Transfer
U0781,2025-01-02,Failed,5.99,PayPal
U0782,2024-08-10,Paid,14.99,Apple Pay
U0783,2024-08-09,Pending,5.99,Bank Transfer
U0784,2024-02-24,Failed,5.99,Credit Card
U0785,2025-01-06,Pending,14.99,Cryptocurrency
U0786,2024-04-15,Pending,9.99,Apple Pay
U0787,2025-01-06,Pending,14.99,Credit Card
U0788,2023-03-16,Paid,9.99,Credit Card
U0789,2023-02-20,Failed,5.99,Google Pay
U0790,2023-08-23,Paid,9.99,Apple Pay
U0791,2024-03-07,Pending,5.99,Credit Card
U0792,2024-05-17,Failed,5.99,PayPal
U0793,2024-02-15,Paid,5.99,Bank Transfer
U0794,2023-03-07,Failed,14.99,Credit Card
U0795,2023-12-26,Pending,14.99,Credit Card
U0796,2023-08-25,Paid,9.99,Bank Transfer
U0797,2024-02-04,Paid,5.99,Bank Transfer
U0798,2023-06-06,Pending,9.99,Google Pay
U0799,2022-11-24,Pending,14.99,Google Pay
U0800,2022-07-16,Failed,9.99,Cryptocurrency
U0801,2024-04-16,Pending,5.99,Apple Pay
U0802,2022-10-12,Failed,14.99,Apple Pay
U0803,2024-04-26,Failed,9.99,Bank Transfer
U0804,2024-01-08,Failed,9.99,Bank Transfer
U0805,2025-01-18,Failed,9.99,PayPal
U0806,2023-12-24,Paid,14.99,Cryptocurrency
U0807,2024-11-20,Pending,14.99,Cryptocurrency
U0808,2024-08-15,Pending,5.99,PayPal
U0809,2024-01-31,Failed,14.99,Bank Transfer
U0810,2023-07-26,Pending,14.99,Google Pay
U0811,2022-12-16,Failed,9.99,PayPal
U0812,2023-07-19,Paid,5.99,Bank Transfer
U0813,2022-12-06,Pending,14.99,Google Pay
U0814,2024-10-26,Failed,9.99,Cryptocurrency
U0815,2022-12-23,Pending,9.99,Credit Card
U0816,2023-07-13,Paid,14.99,PayPal
U0817,2024-03-27,Failed,14.99,Google Pay
U0818,2022-07-24,Paid,9.99,Credit Card
U0819,2022-12-12,Paid,9.99,Apple Pay
U0820,2023-08-15,Paid,9.99,Credit Card
U0821,2023-04-04,Pending,5.99,Google Pay
U0822,2024-03-03,Failed,9.99,PayPal
U0823,2024-11-09,Failed,5.99,PayPal
U0824,2023-03-20,Paid,14.99,Cryptocurrency
U0825,2022-06-24,Paid,5.99,Apple Pay
U0826,2023-06-11,Failed,5.99,PayPal
U0827,2023-04-15,Paid,5.99,Cryptocurrency
U0828,2024-07-04,Paid,5.99,Bank Transfer
U0829,2023-03-31,Pending,9.99,PayPal
U0830,2024-08-23,Pending,9.99,Apple Pay
U0831,2023-03-12,Paid,9.99,Cryptocurrency
U0832,2023-09-25,Paid,5.99,Google Pay
U0833,2024-04-23,Failed,14.99,Cryptocurrency
U0834,2022-11-14,Pending,14.99,Credit Card
U0835,2024-07-28,Pending,5.99,Apple Pay
U0836,2024-10-21,Pending,5.99,Credit Card
U0837,2024-08-31,Pending,5.99,Apple Pay
U0838,2024-04-13,Paid,5.99,Bank Transfer
U0839,2022-12-10,Failed,14.99,Credit Card
U0840,2024-08-09,Failed,14.99,Cryptocurrency
U0841,2022-10-10,Pending,5.99,Google Pay
U0842,2023-06-09,Pending,14.99,Credit Card
U0843,2022-12-24,Paid,5.99,Apple Pay
U0844,2024-02-27,Paid,9.99,Google Pay
U0845,2024-12-29,Failed,5.99,Bank Transfer
U0846,2024-08-12,Pending,14.99,PayPal
U0847,2024-09-04,Failed,5.99,PayPal
U0848,2023-01-05,Pending,14.99,Google Pay
U0849,2024-03-29,Paid,9.99,Credit Card
U0850,2024-05-22,Failed,14.99,Cryptocurrency
U0851,2024-09-30,Paid,5.99,Cryptocurrency
U0852,2022-08-22,Paid,9.99,Cryptocurrency
U0853,2023-10-05,Paid,14.99,Cryptocurrency
U0854,2024-06-08,Failed,9.99,Credit Card
U0855,2024-06-03,Pending,9.99,Google Pay
U0856,2024-02-08,Paid,5.99,Credit Card
U0857,2024-08-21,Paid,5.99,Cryptocurrency
U0858,2024-03-31,Pending,14.99,Credit Card
U0859,2022-10-08,Paid,5.99,Cryptocurrency
U0860,2024-05-26,Failed,14.99,Google Pay
U0861,2024-10-15,Failed,9.99,Apple Pay
U0862,2023-07-23,Pending,14.99,PayPal
U0863,2023-02-04,Paid,14.99,Apple Pay
U0864,2023-04-06,Paid,9.99,PayPal
U0865,2024-10-31,Pending,14.99,Apple Pay
U0866,2024-05-12,Paid,9.99,Apple Pay
U0867,2023-06-30,Paid,9.99,Apple Pay
U0868,2024-05-09,Paid,5.99,Credit Card
U0869,2023-12-13,Pending,14.99,Credit Card
U0870,2022-06-26,Failed,14.99,Google Pay
U0871,2023-03-11,Paid,9.99,Cryptocurrency
U0872,2025-01-18,Pending,9.99,Google Pay
U0873,2024-06-16,Pending,9.99,Credit Card
U0874,2024-01-10,Failed,14.99,PayPal
U0875,2023-04-15,Paid,9.99,PayPal
U0876,2024-03-21,Paid,5.99,Cryptocurrency
U0877,2022-08-12,Paid,9.99,Credit Card
U0878,2024-04-03,Pending,9.99,Google Pay
U0879,2022-11-08,Pending,14.99,Bank Transfer
U0880,2022-06-24,Pending,14.99,Credit Card
U0881,2022-03-29,Failed,14.99,Bank Transfer
U0882,2024-11-26,Paid,14.99,Credit Card
U0883,2024-09-12,Pending,14.99,Cryptocurrency
U0884,2022-04-17,Failed,14.99,Credit Card
U0885,2022-08-15,Paid,5.99,Credit Card
U0886,2023-09-09,Pending,9.99,Google Pay
U0887,2023-11-19,Failed,14.99,Google Pay
U0888,2023-01-23,Pending,5.99,Google Pay
U0889,2022-09-11,Pending,9.99,PayPal
U0890,2023-03-07,Paid,5.99,Apple Pay
U0891,2022-11-28,Paid,14.99,Google Pay
U0892,2023-08-18,Paid,9.99,Apple Pay
U0893,2023-07-05,Failed,14.99,Apple Pay
U0894,2023-12-30,Paid,14.99,Credit Card
U0895,2023-12-16,Pending,5.99,Apple Pay
U0896,2022-12-24,Pending,5.99,PayPal
U0897,2024-01-31,Pending,5.99,PayPal
U0898,2023-04-16,Paid,5.99,Apple Pay
U0899,2023-03-21,Paid,14.99,Apple Pay
U0900,2024-05-31,Failed,5.99,Credit Card
U0901,2023-11-23,Failed,5.99,Bank Transfer
U0902,2024-03-20,Pending,5.99,Bank Transfer
U0903,2023-02-15,Failed,14.99,Apple Pay
U0904,2023-12-14,Paid,14.99,Bank Transfer
U0905,2022-11-29,Failed,5.99,Apple Pay
U0906,2023-06-22,Failed,9.99,PayPal
U0907,2024-11-08,Pending,14.99,Google Pay
U0908,2024-08-23,Pending,14.99,Bank Transfer
U0909,2023-07-30,Failed,14.99,Cryptocurrency
U0910,2024-04-18,Failed,14.99,PayPal
U0911,2023-05-20,Pending,5.99,Bank Transfer
U0912,2022-05-17,Pending,5.99,Bank Transfer
U0913,2023-12-06,Paid,5.99,PayPal
U0914,2022-04-05,Pending,14.99,Credit Card
U0915,2022-07-15,Failed,14.99,Apple Pay
U0916,2023-02-14,Pending,14.99,PayPal
U0917,2023-05-21,Failed,9.99,Bank Transfer
U0918,2024-05-21,Failed,5.99,Credit Card
U0919,2023-09-02,Failed,9.99,Google Pay
U0920,2023-04-15,Pending,9.99,Credit Card
U0921,2023-09-01,Paid,5.99,Apple Pay
U0922,2024-12-13,Failed,5.99,Cryptocurrency
U0923,2023-09-22,Pending,5.99,Cryptocurrency
U0924,2024-09-13,Paid,5.99,Apple Pay
U0925,2024-07-30,Pending,5.99,Apple Pay
U0926,2024-04-05,Pending,14.99,PayPal
U0927,2024-06-18,Pending,9.99,Apple Pay
U0928,2024-04-13,Failed,5.99,Cryptocurrency
U0929,2023-02-28,Paid,5.99,Google Pay
U0930,2022-11-01,Paid,9.99,Google Pay
U0931,2022-09-28,Failed,14.99,Bank Transfer
U0932,2022-05-19,Pending,14.99,Google Pay
U0933,2025-03-11,Paid,14.99,Cryptocurrency
U0934,2024-08-17,Paid,5.99,Cryptocurrency
U0935,2024-10-04,Paid,5.99,Google Pay
U0936,2023-12-02,Paid,9.99,Google Pay
U0937,2024-12-15,Paid,5.99,Bank Transfer
U0938,2022-09-04,Failed,5.99,Apple Pay
U0939,2022-08-02,Pending,5.99,Apple Pay
U0940,2023-06-05,Paid,5.99,Cryptocurrency
U0941,2022-11-07,Paid,5.99,Cryptocurrency
U0942,2023-10-26,Failed,9.99,PayPal
U0943,2022-05-29,Failed,5.99,Apple Pay
U0944,2022-12-27,Paid,9.99,Credit Card
U0945,2023-06-20,Failed,9.99,Apple Pay
U0946,2023-08-17,Pending,14.99,Apple Pay
U0947,2022-10-30,Pending,5.99,Bank Transfer
U0948,2022-07-18,Pending,14.99,Cryptocurrency
U0949,2024-05-22,Paid,14.99,Cryptocurrency
U0950,2022-10-05,Pending,5.99,Credit Card
U0951,2024-05-23,Pending,5.99,Bank Transfer
U0952,2022-04-26,Pending,5.99,Credit Card
U0953,2023-10-11,Pending,5.99,Google Pay
U0954,2023-06-30,Pending,14.99,Google Pay
U0955,2024-04-24,Failed,9.99,PayPal
U0956,2024-03-11,Pending,14.99,Google Pay
U0957,2023-02-23,Pending,9.99,Cryptocurrency
U0958,2022-12-12,Failed,9.99,Credit Card
U0959,2022-11-25,Failed,5.99,Credit Card
U0960,2023-12-30,Failed,5.99,Google Pay
U0961,2023-11-11,Pending,5.99,PayPal
U0962,2025-02-14,Failed,14.99,Google Pay
U0963,2023-07-30,Pending,14.99,Cryptocurrency
U0964,2024-07-10,Failed,14.99,Apple Pay
U0965,2022-09-14,Paid,14.99,Cryptocurrency
U0966,2024-06-30,Failed,9.99,PayPal
U0967,2022-04-18,Failed,9.99,Google Pay
U0968,2024-03-18,Failed,14.99,PayPal
U0969,2022-07-28,Paid,5.99,Google Pay
U0970,2023-07-01,Failed,5.99,Google Pay
U0971,2024-06-04,Failed,5.99,Google Pay
U0972,2022-05-29,Paid,9.99,Apple Pay
U0973,2023-01-05,Failed,5.99,Cryptocurrency
U0974,2024-04-27,Failed,14.99,Google Pay
U0975,2024-03-21,Paid,5.99,Apple Pay
U0976,2022-06-16,Failed,9.99,PayPal
U0977,2025-02-21,Paid,9.99,Apple Pay
U0978,2024-10-19,Pending,5.99,Credit Card
U0979,2022-08-23,Failed,9.99,Cryptocurrency
U0980,2023-10-30,Failed,5.99,Cryptocurrency
U0981,2022-10-17,Pending,5.99,Google Pay
U0982,2022-05-21,Paid,9.99,Bank Transfer
U0983,2022-12-24,Failed,5.99,Google Pay
U0984,2023-09-11,Pending,14.99,Google Pay
U0985,2022-03-17,Failed,9.99,Cryptocurrency
U0986,2022-05-06,Paid,5.99,Bank Transfer
U0987,2023-07-21,Paid,9.99,Google Pay
U0988,2024-11-17,Pending,5.99,Apple Pay
U0989,2022-09-20,Pending,5.99,Cryptocurrency
U0990,2024-04-02,Failed,9.99,Credit Card
U0991,2022-07-17,Pending,9.99,Bank Transfer
U0992,2024-07-12,Failed,14.99,Apple Pay
U0993,2022-05-18,Paid,9.99,Google Pay
U0994,2024-08-01,Failed,5.99,Cryptocurrency
U0995,2024-09-06,Pending,14.99,Bank Transfer
U0996,2022-04-13,Pending,5.99,Bank Transfer
U0997,2024-07-19,Failed,14.99,PayPal
U0998,2023-02-21,Paid,5.99,PayPal
U0999,2022-07-22,Paid,14.99,Credit Card
U1000,2022-10-06,Pending,14.99,Bank Transfer
U1001,2025-01-03,Failed,14.99,Bank Transfer
U1002,2023-12-21,Paid,5.99,Bank Transfer
U1003,2023-05-23,Failed,14.99,Google Pay
U1004,2024-08-12,Failed,14.99,Bank Transfer
U1005,2023-08-18,Pending,5.99,PayPal
U1006,2025-01-23,Failed,14.99,Credit Card
U1007,2024-10-08,Paid,5.99,Apple Pay
U1008,2024-02-21,Paid,14.99,PayPal
U1009,2024-08-13,Paid,9.99,Bank Transfer
U1010,2022-10-29,Pending,9.99,PayPal
U1011,2023-09-01,Pending,9.99,Apple Pay
U1012,2024-09-17,Failed,5.99,Google Pay
U1013,2024-04-28,Failed,5.99,PayPal
U1014,2025-02-05,Paid,14.99,Google Pay
U1015,2023-06-09,Pending,9.99,Bank Transfer
U1016,2024-09-28,Paid,5.99,Bank Transfer
U1017,2024-06-17,Paid,9.99,Bank Transfer
U1018,2024-06-20,Pending,5.99,Apple Pay
U1019,2023-05-13,Pending,14.99,Bank Transfer
U1020,2024-09-27,Paid,5.99,Credit Card
U1021,2025-03-01,Pending,9.99,Google Pay
U1022,2024-04-21,Pending,9.99,Apple Pay
U1023,2022-09-17,Pending,14.99,Google Pay
U1024,2022-03-20,Failed,14.99,Credit Card
U1025,2023-04-02,Pending,5.99,PayPal
U1026,2024-02-29,Pending,9.99,Credit Card
U1027,2024-01-11,Pending,9.99,Bank Transfer
U1028,2022-06-20,Failed,9.99,PayPal
U1029,2022-04-24,Failed,14.99,Apple Pay
U1030,2023-03-07,Paid,14.99,Apple Pay
U1031,2022-07-12,Pending,5.99,Google Pay
U1032,2024-11-08,Pending,9.99,Apple Pay
U1033,2023-05-14,Pending,14.99,Credit Card
U1034,2023-07-24,Paid,5.99,Credit Card
U1035,2023-03-27,Pending,5.99,Cryptocurrency
U1036,2022-06-21,Paid,5.99,PayPal
U1037,2024-12-13,Paid,9.99,Cryptocurrency
U1038,2024-11-29,Failed,5.99,Bank Transfer
U1039,2023-11-02,Pending,9.99,Google Pay
U1040,2024-11-09,Paid,9.99,PayPal
U1041,2025-01-18,Failed,5.99,PayPal
U1042,2022-05-17,Pending,14.99,Apple Pay
U1043,2024-02-09,Paid,9.99,Bank Transfer
U1044,2023-05-10,Paid,5.99,Google Pay
U1045,2024-05-24,Failed,14.99,Cryptocurrency
U1046,2024-11-18,Paid,9.99,Apple Pay
U1047,2024-03-05,Paid,5.99,Apple Pay
U1048,2023-06-29,Paid,5.99,Credit Card
U1049,2024-07-18,Paid,5.99,PayPal
U1050,2022-12-13,Paid,5.99,PayPal
U1051,2022-06-19,Pending,14.99,Credit Card
U1052,2023-07-27,Failed,9.99,PayPal
U1053,2023-09-15,Pending,9.99,Google Pay
U1054,2024-07-05,Paid,14.99,Google Pay
U1055,2023-09-29,Failed,5.99,Google Pay
U1056,2024-08-02,Pending,5.99,Credit Card
U1057,2023-02-12,Paid,14.99,Apple Pay
U1058,2024-06-25,Failed,5.99,PayPal
U1059,2022-12-05,Pending,9.99,Credit Card
U1060,2025-01-06,Pending,14.99,Google Pay
U1061,2023-06-25,Failed,9.99,Google Pay
U1062,2024-09-29,Paid,9.99,Credit Card
U1063,2023-05-29,Failed,14.99,PayPal
U1064,2023-05-01,Failed,14.99,Credit Card
U1065,2024-02-02,Pending,5.99,Credit Card
U1066,2024-08-05,Paid,9.99,PayPal
U1067,2022-08-06,Failed,14.99,PayPal
U1068,2024-06-02,Failed,5.99,Cryptocurrency
U1069,2024-06-05,Failed,9.99,Bank Transfer
U1070,2023-03-08,Failed,9.99,Apple Pay
U1071,2023-07-19,Pending,5.99,Credit Card
U1072,2023-08-22,Paid,9.99,Credit Card
U1073,2023-07-17,Paid,14.99,Bank Transfer
U1074,2023-09-06,Pending,9.99,PayPal
U1075,2024-12-09,Paid,14.99,Apple Pay
U1076,2025-02-17,Paid,9.99,Google Pay
U1077,2024-03-19,Pending,14.99,Bank Transfer
U1078,2022-10-12,Pending,5.99,Google Pay
U1079,2024-11-28,Failed,14.99,PayPal
U1080,2023-01-21,Pending,9.99,Credit Card
U1081,2025-02-17,Failed,14.99,PayPal
U1082,2024-12-02,Paid,9.99,PayPal
U1083,2023-07-28,Failed,9.99,Bank Transfer
U1084,2024-03-06,Failed,14.99,Cryptocurrency
U1085,2024-03-25,Failed,14.99,Apple Pay
U1086,2022-03-20,Paid,5.99,Credit Card
U1087,2023-07-23,Paid,9.99,Google Pay
U1088,2023-01-22,Pending,5.99,PayPal
U1089,2023-09-27,Pending,5.99,PayPal
U1090,2023-01-20,Pending,5.99,PayPal
U1091,2023-03-09,Pending,14.99,Google Pay
U1092,2022-10-16,Failed,14.99,Credit Card
U1093,2023-05-22,Paid,14.99,Apple Pay
U1094,2023-11-26,Pending,14.99,PayPal
U1095,2024-03-02,Failed,9.99,Bank Transfer
U1096,2024-09-02,Paid,9.99,Bank Transfer
U1097,2023-07-14,Pending,14.99,Google Pay
U1098,2024-10-04,Pending,5.99,Credit Card
U1099,2023-01-27,Pending,5.99,Credit Card
U1100,2024-12-24,Pending,14.99,Credit Card
U1101,2022-09-04,Pending,5.99,Bank Transfer
U1102,2022-08-08,Failed,5.99,Apple Pay
U1103,2023-01-12,Pending,5.99,Apple Pay
U1104,2022-11-20,Pending,9.99,Bank Transfer
U1105,2024-06-05,Pending,5.99,Credit Card
U1106,2023-07-10,Pending,14.99,PayPal
U1107,2024-03-24,Paid,5.99,Google Pay
U1108,2025-02-26,Paid,14.99,PayPal
U1109,2023-12-10,Pending,14.99,Google Pay
U1110,2024-09-10,Paid,14.99,Credit Card
U1111,2025-02-26,Paid,9.99,Apple Pay
U1112,2024-10-12,Paid,14.99,Cryptocurrency
U1113,2022-11-26,Paid,14.99,PayPal
U1114,2024-04-16,Pending,5.99,Bank Transfer
U1115,2023-03-07,Failed,5.99,Cryptocurrency
U1116,2023-10-28,Paid,5.99,Cryptocurrency
U1117,2024-05-27,Pending,14.99,PayPal
U1118,2023-05-30,Paid,9.99,Google Pay
U1119,2022-07-09,Pending,5.99,Apple Pay
U1120,2023-09-12,Failed,5.99,Apple Pay
U1121,2023-04-10,Paid,5.99,Cryptocurrency
U1122,2022-10-10,Paid,9.99,Google Pay
U1123,2023-04-04,Failed,14.99,Cryptocurrency
U1124,2025-01-23,Pending,5.99,Bank Transfer
U1125,2025-01-13,Failed,5.99,Bank Transfer
U1126,2022-05-29,Pending,5.99,Apple Pay
U1127,2022-07-31,Paid,9.99,Apple Pay
U1128,2023-03-18,Pending,5.99,Bank Transfer
U1129,2024-11-15,Failed,14.99,Credit Card
U1130,2025-01-24,Failed,5.99,Credit Card
U1131,2024-12-23,Failed,9.99,Google Pay
U1132,2025-01-20,Failed,14.99,Apple Pay
U1133,2024-09-17,Failed,9.99,Credit Card
U1134,2023-04-19,Pending,5.99,Cryptocurrency
U1135,2024-08-17,Failed,5.99,PayPal
U1136,2023-12-28,Failed,5.99,Google Pay
U1137,2024-08-31,Failed,14.99,PayPal
U1138,2023-08-10,Failed,5.99,Cryptocurrency
U1139,2024-02-21,Paid,14.99,Google Pay
U1140,2024-07-29,Failed,14.99,Cryptocurrency
U1141,2025-02-22,Pending,5.99,PayPal
U1142,2023-08-07,Pending,9.99,Apple Pay
U1143,2023-10-23,Pending,5.99,PayPal
U1144,2024-10-10,Paid,5.99,Cryptocurrency
U1145,2022-08-04,Pending,5.99,Google Pay
U1146,2024-05-13,Failed,9.99,Bank Transfer
U1147,2022-08-14,Pending,9.99,Cryptocurrency
U1148,2024-05-20,Pending,5.99,Google Pay
U1149,2024-10-21,Paid,9.99,Credit Card
U1150,2024-01-01,Paid,9.99,Bank Transfer
U1151,2022-11-03,Pending,9.99,PayPal
U1152,2022-04-29,Failed,14.99,Credit Card
U1153,2024-07-13,Failed,5.99,Apple Pay
U1154,2024-07-06,Failed,5.99,Cryptocurrency
U1155,2022-12-23,Pending,5.99,PayPal
U1156,2025-02-23,Failed,5.99,Credit Card
U1157,2023-10-12,Paid,5.99,Bank Transfer
U1158,2024-11-10,Pending,5.99,Apple Pay
U1159,2022-04-23,Paid,5.99,Credit Card
U1160,2023-12-23,Pending,14.99,Apple Pay
U1161,2024-06-20,Failed,5.99,Apple Pay
U1162,2023-03-07,Failed,14.99,Google Pay
U1163,2023-12-01,Paid,14.99,PayPal
U1164,2024-09-15,Failed,5.99,Bank Transfer
U1165,2024-12-27,Pending,9.99,Cryptocurrency
U1166,2022-05-19,Pending,14.99,PayPal
U1167,2022-10-08,Failed,14.99,Apple Pay
U1168,2024-06-05,Failed,5.99,Credit Card
U1169,2024-01-08,Paid,9.99,Credit Card
U1170,2024-08-12,Failed,5.99,Google Pay
U1171,2023-12-14,Pending,9.99,Google Pay
U1172,2022-05-30,Pending,9.99,Apple Pay
U1173,2022-08-31,Paid,9.99,Bank Transfer
U1174,2022-05-26,Failed,9.99,Google Pay
U1175,2024-10-25,Failed,5.99,Credit Card
U1176,2022-12-25,Pending,14.99,Google Pay
U1177,2023-12-05,Failed,14.99,Google Pay
U1178,2024-06-09,Paid,14.99,Bank Transfer
U1179,2024-12-02,Paid,5.99,Credit Card
U1180,2024-08-25,Pending,5.99,Bank Transfer
U1181,2024-07-27,Paid,5.99,PayPal
U1182,2024-11-07,Paid,5.99,Apple Pay
U1183,2024-10-25,Pending,9.99,Google Pay
U1184,2024-02-28,Pending,14.99,Apple Pay
U1185,2024-09-12,Paid,14.99,Bank Transfer
U1186,2024-05-06,Pending,9.99,Cryptocurrency
U1187,2024-10-11,Pending,5.99,Credit Card
U1188,2022-11-12,Paid,14.99,Google Pay
U1189,2024-09-28,Paid,5.99,Bank Transfer
U1190,2023-05-28,Paid,5.99,Cryptocurrency
U1191,2024-03-06,Paid,9.99,Cryptocurrency
U1192,2023-04-12,Paid,5.99,Google Pay
U1193,2024-08-02,Paid,9.99,Apple Pay
U1194,2022-08-25,Failed,14.99,Bank Transfer
U1195,2023-07-04,Pending,9.99,Apple Pay
U1196,2023-03-09,Paid,5.99,Apple Pay
U1197,2024-08-31,Failed,14.99,Credit Card
U1198,2025-02-05,Failed,9.99,Cryptocurrency
U1199,2024-08-17,Paid,9.99,Credit Card
U1200,2023-03-03,Failed,5.99,Apple Pay
U1201,2024-07-22,Pending,9.99,Bank Transfer
U1202,2022-08-23,Failed,14.99,Bank Transfer
U1203,2023-01-29,Failed,5.99,Apple Pay
U1204,2024-11-20,Pending,9.99,PayPal
U1205,2022-09-01,Pending,9.99,PayPal
U1206,2023-12-21,Paid,9.99,PayPal
U1207,2022-03-27,Pending,9.99,PayPal
U1208,2022-10-07,Pending,9.99,Google Pay
U1209,2024-03-29,Failed,5.99,PayPal
U1210,2023-06-08,Paid,14.99,PayPal
U1211,2024-04-12,Pending,9.99,Apple Pay
U1212,2024-09-14,Failed,9.99,PayPal
U1213,2022-05-24,Paid,14.99,Bank Transfer
U1214,2023-03-05,Failed,9.99,PayPal
U1215,2024-02-28,Failed,5.99,PayPal
U1216,2022-03-21,Failed,9.99,Bank Transfer
U1217,2024-01-27,Failed,14.99,Apple Pay
U1218,2024-04-06,Paid,5.99,Google Pay
U1219,2022-09-22,Failed,5.99,Credit Card
U1220,2022-10-14,Pending,14.99,Bank Transfer
U1221,2024-11-28,Pending,5.99,Bank Transfer
U1222,2023-01-14,Paid,5.99,PayPal
U1223,2024-05-18,Pending,14.99,Google Pay
U1224,2024-08-26,Pending,14.99,Bank Transfer
U1225,2022-03-25,Failed,14.99,Bank Transfer
U1226,2022-04-11,Failed,5.99,Credit Card
U1227,2024-01-30,Paid,14.99,Google Pay
U1228,2022-05-13,Failed,9.99,Cryptocurrency
U1229,2024-09-12,Failed,9.99,Apple Pay
U1230,2024-12-31,Pending,14.99,Google Pay
U1231,2023-12-23,Failed,14.99,Cryptocurrency
U1232,2023-11-04,Pending,9.99,Bank Transfer
U1233,2023-12-23,Paid,14.99,Cryptocurrency
U1234,2022-10-11,Pending,5.99,Apple Pay
U1235,2022-04-02,Failed,14.99,Credit Card
U1236,2022-08-31,Failed,14.99,Google Pay
U1237,2022-08-30,Paid,5.99,Bank Transfer
U1238,2024-12-22,Pending,14.99,Cryptocurrency
U1239,2022-07-14,Paid,9.99,Credit Card
U1240,2024-11-13,Paid,14.99,Credit Card
U1241,2023-12-28,Paid,9.99,PayPal
U1242,2023-04-03,Failed,14.99,Bank Transfer
U1243,2022-10-21,Failed,9.99,Bank Transfer
U1244,2024-12-06,Pending,9.99,Credit Card
U1245,2022-04-27,Paid,5.99,PayPal
U1246,2023-03-15,Pending,5.99,Apple Pay
U1247,2023-08-22,Failed,5.99,PayPal
U1248,2023-08-14,Pending,9.99,PayPal
U1249,2023-11-19,Paid,9.99,Credit Card
U1250,2024-02-27,Failed,9.99,Cryptocurrency
U1251,2024-09-20,Pending,9.99,PayPal
U1252,2023-03-07,Pending,9.99,PayPal
U1253,2024-03-30,Failed,9.99,Credit Card
U1254,2022-06-10,Failed,9.99,Credit Card
U1255,2024-11-22,Failed,14.99,PayPal
U1256,2024-04-18,Pending,5.99,Apple Pay
U1257,2024-04-08,Paid,14.99,PayPal
U1258,2024-01-10,Pending,5.99,Cryptocurrency
U1259,2023-12-29,Pending,9.99,Credit Card
U1260,2024-07-27,Paid,9.99,Credit Card
U1261,2022-11-19,Failed,14.99,Apple Pay
U1262,2022-12-02,Failed,14.99,Credit Card
U1263,2025-01-17,Paid,5.99,Credit Card
U1264,2023-09-18,Pending,9.99,Google Pay
U1265,2023-06-20,Failed,9.99,Bank Transfer
U1266,2022-06-11,Failed,9.99,Cryptocurrency
U1267,2023-05-20,Pending,9.99,Apple Pay
U1268,2025-02-26,Pending,14.99,PayPal
U1269,2024-02-20,Failed,9.99,PayPal
U1270,2024-09-17,Failed,5.99,Apple Pay
U1271,2023-04-06,Failed,5.99,Bank Transfer
U1272,2025-01-18,Failed,14.99,Credit Card
U1273,2025-02-10,Failed,9.99,Bank Transfer
U1274,2023-02-26,Failed,9.99,Google Pay
U1275,2023-07-04,Failed,14.99,Credit Card
U1276,2024-11-06,Failed,5.99,Cryptocurrency
U1277,2022-12-27,Pending,9.99,Credit Card
U1278,2025-02-15,Pending,5.99,Cryptocurrency
U1279,2023-08-07,Pending,14.99,Google Pay
U1280,2024-11-14,Paid,9.99,Cryptocurrency
U1281,2025-03-02,Paid,9.99,Apple Pay
U1282,2023-03-13,Paid,9.99,Bank Transfer
U1283,2022-04-02,Paid,9.99,Google Pay
U1284,2025-01-10,Paid,5.99,Cryptocurrency
U1285,2023-11-30,Failed,5.99,Cryptocurrency
U1286,2022-12-14,Failed,14.99,Apple Pay
U1287,2023-03-16,Pending,5.99,PayPal
U1288,2022-07-05,Paid,9.99,Credit Card
U1289,2022-10-29,Paid,9.99,Bank Transfer
U1290,2022-04-25,Pending,14.99,Bank Transfer
U1291,2022-08-12,Pending,9.99,Cryptocurrency
U1292,2023-01-23,Failed,9.99,Google Pay
U1293,2024-11-16,Pending,9.99,Credit Card
U1294,2023-07-23,Failed,14.99,Google Pay
U1295,2024-05-01,Pending,5.99,Bank Transfer
U1296,2024-01-30,Failed,9.99,PayPal
U1297,2025-01-19,Pending,14.99,Bank Transfer
U1298,2022-09-08,Pending,9.99,Cryptocurrency
U1299,2024-12-10,Pending,9.99,Cryptocurrency
U1300,2022-10-13,Paid,9.99,Bank Transfer
U1301,2024-04-02,Pending,5.99,Apple Pay
U1302,2024-11-08,Pending,14.99,Apple Pay
U1303,2023-11-11,Failed,14.99,PayPal
U1304,2024-07-05,Pending,9.99,Bank Transfer
U1305,2024-09-12,Pending,5.99,Bank Transfer
U1306,2022-04-15,Failed,5.99,Credit Card
U1307,2023-08-21,Paid,9.99,Google Pay
U1308,2024-09-29,Paid,9.99,Apple Pay
U1309,2022-09-13,Pending,14.99,Apple Pay
U1310,2023-07-11,Failed,5.99,Cryptocurrency
U1311,2023-06-04,Failed,14.99,Google Pay
U1312,2024-12-20,Pending,14.99,Google Pay
U1313,2022-06-02,Pending,14.99,Bank Transfer
U1314,2022-10-03,Paid,5.99,PayPal
U1315,2022-11-22,Failed,9.99,Apple Pay
U1316,2022-08-03,Failed,5.99,Apple Pay
U1317,2023-05-14,Failed,5.99,PayPal
U1318,2025-01-20,Failed,9.99,Credit Card
U1319,2024-09-01,Failed,14.99,Credit Card
U1320,2022-04-04,Failed,5.99,Cryptocurrency
U1321,2024-09-28,Failed,9.99,PayPal
U1322,2023-03-07,Paid,14.99,Google Pay
U1323,2022-05-25,Pending,5.99,Cryptocurrency
U1324,2023-10-15,Paid,5.99,Apple Pay
U1325,2024-01-12,Paid,5.99,Cryptocurrency
U1326,2022-05-05,Paid,5.99,Credit Card
U1327,2024-02-28,Paid,14.99,Apple Pay
U1328,2025-01-06,Failed,14.99,Google Pay
U1329,2025-02-24,Pending,5.99,Google Pay
U1330,2022-06-03,Paid,5.99,Credit Card
U1331,2023-10-15,Failed,9.99,PayPal
U1332,2023-11-01,Failed,14.99,Credit Card
U1333,2023-11-20,Paid,5.99,Bank Transfer
U1334,2025-02-16,Paid,14.99,PayPal
U1335,2023-11-07,Paid,14.99,PayPal
U1336,2023-10-13,Paid,14.99,Bank Transfer
U1337,2022-12-14,Paid,14.99,Bank Transfer
U1338,2023-05-31,Failed,9.99,Cryptocurrency
U1339,2022-06-09,Failed,14.99,Google Pay
U1340,2024-10-12,Pending,14.99,Credit Card
U1341,2023-12-27,Failed,5.99,Credit Card
U1342,2022-09-23,Paid,5.99,Google Pay
U1343,2022-11-03,Paid,9.99,Bank Transfer
U1344,2025-01-13,Pending,5.99,Apple Pay
U1345,2024-04-26,Failed,9.99,PayPal
U1346,2022-09-08,Pending,5.99,Bank Transfer
U1347,2023-11-10,Pending,14.99,Google Pay
U1348,2022-07-29,Failed,5.99,Credit Card
U1349,2022-08-02,Failed,5.99,Google Pay
U1350,2025-03-04,Paid,5.99,Apple Pay
U1351,2022-08-05,Pending,5.99,Google Pay
U1352,2025-02-01,Paid,14.99,Cryptocurrency
U1353,2022-10-30,Pending,9.99,Apple Pay
U1354,2024-11-08,Failed,14.99,Apple Pay
U1355,2023-09-09,Pending,14.99,Credit Card
U1356,2022-03-25,Failed,14.99,PayPal
U1357,2022-09-29,Paid,14.99,Bank Transfer
U1358,2025-03-05,Pending,14.99,Google Pay
U1359,2023-05-01,Failed,5.99,Credit Card
U1360,2022-04-12,Paid,5.99,Google Pay
U1361,2023-10-19,Failed,9.99,Google Pay
U1362,2023-11-27,Paid,5.99,Google Pay
U1363,2024-06-24,Failed,9.99,Cryptocurrency
U1364,2022-04-30,Pending,14.99,Cryptocurrency
U1365,2023-04-17,Failed,5.99,Google Pay
U1366,2024-04-17,Failed,14.99,PayPal
U1367,2024-11-05,Failed,5.99,Bank Transfer
U1368,2024-09-23,Paid,9.99,Credit Card
U1369,2022-03-16,Pending,9.99,Cryptocurrency
U1370,2022-12-04,Paid,9.99,Cryptocurrency
U1371,2022-03-31,Pending,14.99,Bank Transfer
U1372,2022-04-01,Failed,5.99,Cryptocurrency
U1373,2024-09-26,Paid,9.99,Credit Card
U1374,2024-08-10,Pending,5.99,Bank Transfer
U1375,2024-03-23,Paid,5.99,Bank Transfer
U1376,2024-04-07,Paid,5.99,Apple Pay
U1377,2025-01-13,Failed,14.99,Bank Transfer
U1378,2022-09-17,Pending,5.99,Cryptocurrency
U1379,2024-05-19,Pending,9.99,Credit Card
U1380,2024-11-20,Paid,14.99,PayPal
U1381,2025-02-07,Pending,14.99,Credit Card
U1382,2024-07-14,Paid,5.99,PayPal
U1383,2022-04-01,Pending,9.99,Bank Transfer
U1384,2023-06-01,Paid,9.99,Bank Transfer
U1385,2024-06-17,Failed,5.99,PayPal
U1386,2022-12-06,Failed,5.99,Google Pay
U1387,2024-09-26,Paid,14.99,Cryptocurrency
U1388,2023-12-24,Paid,5.99,PayPal
U1389,2022-05-06,Failed,14.99,PayPal
U1390,2022-11-10,Failed,5.99,Cryptocurrency
U1391,2023-10-22,Failed,5.99,Bank Transfer
U1392,2024-02-08,Failed,14.99,Cryptocurrency
U1393,2023-03-29,Paid,14.99,Apple Pay
U1394,2022-09-23,Pending,14.99,Cryptocurrency
U1395,2022-07-02,Failed,14.99,Credit Card
U1396,2023-12-12,Failed,9.99,PayPal
U1397,2023-05-26,Paid,5.99,PayPal
U1398,2023-07-12,Failed,5.99,Google Pay
U1399,2022-08-06,Pending,9.99,Bank Transfer
U1400,2022-06-25,Pending,14.99,Apple Pay
U1401,2022-04-22,Pending,5.99,Credit Card
U1402,2023-08-26,Pending,14.99,Credit Card
U1403,2023-03-01,Paid,5.99,Apple Pay
U1404,2024-03-08,Failed,5.99,Credit Card
U1405,2024-06-05,Paid,14.99,Google Pay
U1406,2024-01-19,Pending,14.99,Bank Transfer
U1407,2023-10-11,Pending,5.99,PayPal
U1408,2024-12-09,Pending,5.99,PayPal
U1409,2024-05-27,Pending,14.99,Apple Pay
U1410,2023-07-31,Paid,5.99,PayPal
U1411,2024-08-24,Paid,14.99,Cryptocurrency
U1412,2023-01-04,Paid,5.99,Credit Card
U1413,2024-07-26,Failed,9.99,Apple Pay
U1414,2022-10-02,Paid,14.99,Bank Transfer
U1415,2022-08-11,Paid,9.99,Apple Pay
U1416,2023-04-11,Pending,5.99,Google Pay
U1417,2022-08-04,Paid,9.99,Cryptocurrency
U1418,2022-10-09,Pending,5.99,PayPal
U1419,2022-12-03,Failed,14.99,Cryptocurrency
U1420,2025-01-12,Paid,9.99,Apple Pay
U1421,2025-02-08,Paid,14.99,Credit Card
U1422,2025-02-13,Paid,9.99,Cryptocurrency
U1423,2023-07-15,Pending,9.99,Cryptocurrency
U1424,2023-12-05,Failed,14.99,Google Pay
U1425,2024-11-19,Pending,9.99,Credit Card
U1426,2023-08-26,Paid,14.99,Credit Card
U1427,2022-10-08,Pending,14.99,Bank Transfer
U1428,2022-04-04,Paid,14.99,Google Pay
U1429,2024-05-25,Pending,14.99,Cryptocurrency
U1430,2022-11-20,Pending,9.99,Cryptocurrency
U1431,2025-02-05,Failed,9.99,Credit Card
U1432,2022-05-24,Paid,9.99,Cryptocurrency
U1433,2024-07-30,Pending,9.99,Google Pay
U1434,2023-09-05,Paid,14.99,Bank Transfer
U1435,2022-08-30,Pending,5.99,PayPal
U1436,2022-11-13,Paid,5.99,PayPal
U1437,2022-10-07,Paid,9.99,Apple Pay
U1438,2023-11-14,Paid,9.99,Google Pay
U1439,2023-07-10,Pending,5.99,Credit Card
U1440,2023-04-10,Failed,9.99,Google Pay
U1441,2022-10-29,Failed,5.99,Google Pay
U1442,2025-01-17,Pending,9.99,Google Pay
U1443,2023-07-18,Paid,9.99,Cryptocurrency
U1444,2024-01-09,Failed,5.99,Credit Card
U1445,2022-08-11,Pending,9.99,Apple Pay
U1446,2024-03-03,Failed,14.99,Credit Card
U1447,2024-09-26,Failed,14.99,Apple Pay
U1448,2025-01-05,Paid,5.99,Apple Pay
U1449,2025-03-10,Pending,9.99,Google Pay
U1450,2023-02-27,Pending,5.99,Bank Transfer
U1451,2023-01-05,Failed,5.99,Google Pay
U1452,2024-06-06,Failed,5.99,Credit Card
U1453,2025-02-10,Paid,14.99,Cryptocurrency
U1454,2022-08-24,Failed,5.99,Cryptocurrency
U1455,2024-01-30,Pending,5.99,Google Pay
U1456,2024-01-11,Pending,9.99,Cryptocurrency
U1457,2022-11-14,Pending,14.99,Cryptocurrency
U1458,2022-04-11,Pending,5.99,Google Pay
U1459,2023-07-03,Paid,5.99,Google Pay
U1460,2022-09-18,Paid,9.99,Cryptocurrency
U1461,2024-04-08,Pending,5.99,Apple Pay
U1462,2022-10-15,Paid,9.99,Cryptocurrency
U1463,2022-07-17,Paid,5.99,Apple Pay
U1464,2023-01-03,Paid,5.99,Bank Transfer
U1465,2022-12-12,Failed,14.99,Apple Pay
U1466,2022-09-05,Failed,14.99,Apple Pay
U1467,2022-07-16,Failed,9.99,Bank Transfer
U1468,2025-02-12,Paid,5.99,Bank Transfer
U1469,2023-02-20,Failed,5.99,Google Pay
U1470,2024-03-19,Pending,14.99,Cryptocurrency
U1471,2024-10-01,Pending,5.99,PayPal
U1472,2025-01-15,Paid,9.99,Google Pay
U1473,2025-02-27,Failed,5.99,PayPal
U1474,2023-08-25,Failed,5.99,Cryptocurrency
U1475,2023-03-20,Paid,9.99,Google Pay
U1476,2023-09-07,Paid,9.99,PayPal
U1477,2023-11-13,Failed,14.99,Credit Card
U1478,2024-01-12,Pending,9.99,PayPal
U1479,2022-10-10,Failed,9.99,Apple Pay
U1480,2024-08-17,Failed,5.99,PayPal
U1481,2023-02-21,Paid,14.99,Credit Card
U1482,2024-06-16,Pending,14.99,Google Pay
U1483,2022-12-03,Paid,5.99,Credit Card
U1484,2022-04-29,Failed,9.99,Apple Pay
U1485,2024-08-10,Pending,5.99,PayPal
U1486,2024-11-26,Pending,14.99,Cryptocurrency
U1487,2024-06-30,Paid,9.99,Cryptocurrency
U1488,2023-02-07,Paid,5.99,Cryptocurrency
U1489,2024-11-04,Pending,14.99,Bank Transfer
U1490,2025-01-18,Paid,5.99,Bank Transfer
U1491,2023-11-12,Paid,5.99,PayPal
U1492,2023-07-10,Paid,14.99,Credit Card
U1493,2023-06-09,Failed,9.99,Credit Card
U1494,2023-03-16,Failed,14.99,PayPal
U1495,2023-04-21,Paid,9.99,Apple Pay
U1496,2024-12-11,Pending,5.99,Cryptocurrency
U1497,2024-09-25,Failed,5.99,Apple Pay
U1498,2024-01-21,Pending,14.99,Cryptocurrency
U1499,2023-12-06,Pending,9.99,Google Pay
U1500,2025-01-08,Pending,5.99,Apple Pay
